-- 부서 DEPT
INSERT INTO DEPT (DEPT_ID, DEPT_NAME, PARENT_ID, HEAD_EMP_ID, USE_YN, CREATED_DATE, DEPT_ABBR)
VALUES ('DEP999', '대표', NULL, NULL, 'Y', SYSDATE, 'ROOT');
INSERT INTO DEPT (DEPT_ID, DEPT_NAME, PARENT_ID, HEAD_EMP_ID, USE_YN, CREATED_DATE, DEPT_ABBR)
VALUES ('DEP000', 'ERP본부', 'DEP999', NULL, 'Y', SYSDATE, 'ERP');
INSERT INTO DEPT (DEPT_ID, DEPT_NAME, PARENT_ID, HEAD_EMP_ID, USE_YN, CREATED_DATE, DEPT_ABBR)
VALUES ('DEP100', 'MES본부', 'DEP999', NULL, 'Y', SYSDATE, 'MES');
INSERT INTO DEPT (DEPT_ID, DEPT_NAME, PARENT_ID, HEAD_EMP_ID, USE_YN, CREATED_DATE, DEPT_ABBR)
VALUES ('DEP001', '개발부', 'DEP000', NULL, 'Y', SYSDATE, 'DEV');
INSERT INTO DEPT (DEPT_ID, DEPT_NAME, PARENT_ID, HEAD_EMP_ID, USE_YN, CREATED_DATE, DEPT_ABBR)
VALUES ('DEP002', '마케팅부', 'DEP000', NULL, 'Y', SYSDATE, 'MKT');
INSERT INTO DEPT (DEPT_ID, DEPT_NAME, PARENT_ID, HEAD_EMP_ID, USE_YN, CREATED_DATE, DEPT_ABBR)
VALUES ('DEP003', '생산부', 'DEP100', NULL, 'Y', SYSDATE, 'PRD');
INSERT INTO DEPT (DEPT_ID, DEPT_NAME, PARENT_ID, HEAD_EMP_ID, USE_YN, CREATED_DATE, DEPT_ABBR)
VALUES ('DEP004', '영업부', 'DEP000', NULL, 'Y', SYSDATE, 'SAL');
INSERT INTO DEPT (DEPT_ID, DEPT_NAME, PARENT_ID, HEAD_EMP_ID, USE_YN, CREATED_DATE, DEPT_ABBR)
VALUES ('DEP005', '인사부', 'DEP000', NULL, 'Y', SYSDATE, 'HR');

-- 직급 POSITION
INSERT INTO POSITION (POS_CODE, POS_NAME, RANK_ORDER, IS_EXECUTIVE, USE_YN, CREATED_DATE)
VALUES ('POS001', '사원', 1, 'N', 'Y', SYSDATE);
INSERT INTO POSITION (POS_CODE, POS_NAME, RANK_ORDER, IS_EXECUTIVE, USE_YN, CREATED_DATE)
VALUES ('POS002', '대리', 2, 'N', 'Y', SYSDATE);
INSERT INTO POSITION (POS_CODE, POS_NAME, RANK_ORDER, IS_EXECUTIVE, USE_YN, CREATED_DATE)
VALUES ('POS003', '과장', 3, 'N', 'Y', SYSDATE);
INSERT INTO POSITION (POS_CODE, POS_NAME, RANK_ORDER, IS_EXECUTIVE, USE_YN, CREATED_DATE)
VALUES ('POS004', '차장', 4, 'N', 'Y', SYSDATE);
INSERT INTO POSITION (POS_CODE, POS_NAME, RANK_ORDER, IS_EXECUTIVE, USE_YN, CREATED_DATE)
VALUES ('POS005', '부장', 5, 'N', 'Y', SYSDATE);
INSERT INTO POSITION (POS_CODE, POS_NAME, RANK_ORDER, IS_EXECUTIVE, USE_YN, CREATED_DATE)
VALUES ('POS006', '이사', 6, 'Y', 'Y', SYSDATE);
INSERT INTO POSITION (POS_CODE, POS_NAME, RANK_ORDER, IS_EXECUTIVE, USE_YN, CREATED_DATE)
VALUES ('POS007', '사장', 7, 'Y', 'Y', SYSDATE);

-- 역할 ROLE
INSERT INTO ROLE (ROLE_CODE, ROLE_NAME, ROLE_DESC, USE_YN, CREATED_DATE)
SELECT 'ROLE_SYS_ADMIN', '시스템 관리자', '전체 시스템 관리 (권한/공통코드 포함)', 'Y', SYSDATE FROM DUAL;
INSERT INTO ROLE (ROLE_CODE, ROLE_NAME, ROLE_DESC, USE_YN, CREATED_DATE)
SELECT 'ROLE_HR_ADMIN', '인사 관리자', '사원/조직/인사발령/근태 전체 관리', 'Y', SYSDATE FROM DUAL;
INSERT INTO ROLE (ROLE_CODE, ROLE_NAME, ROLE_DESC, USE_YN, CREATED_DATE)
SELECT 'ROLE_ATTEND_ADMIN', '근태 관리자', '근태 정책 및 출퇴근/연차 관리', 'Y', SYSDATE FROM DUAL;
INSERT INTO ROLE (ROLE_CODE, ROLE_NAME, ROLE_DESC, USE_YN, CREATED_DATE)
SELECT 'ROLE_DEPT_MANAGER', '부서장', '본인 부서 인원 관리 및 부서 공지 작성', 'Y', SYSDATE FROM DUAL;
INSERT INTO ROLE (ROLE_CODE, ROLE_NAME, ROLE_DESC, USE_YN, CREATED_DATE)
SELECT 'ROLE_PAYROLL_ADMIN', '급여 관리자', '급여계산/급여정보 조회 관리', 'Y', SYSDATE FROM DUAL;
INSERT INTO ROLE (ROLE_CODE, ROLE_NAME, ROLE_DESC, USE_YN, CREATED_DATE)
SELECT 'ROLE_APPROVAL_ADMIN', '전자결재 관리자', '결재선·양식·결재규칙 설정', 'Y', SYSDATE FROM DUAL;
INSERT INTO ROLE (ROLE_CODE, ROLE_NAME, ROLE_DESC, USE_YN, CREATED_DATE)
SELECT 'ROLE_NOTICE_WRITER', '공지 작성자', '공지 작성/수정/삭제 가능', 'Y', SYSDATE FROM DUAL;
INSERT INTO ROLE (ROLE_CODE, ROLE_NAME, ROLE_DESC, USE_YN, CREATED_DATE)
SELECT 'ROLE_MES_MANAGER', 'MES 관리자', 'MES 운영 및 전체 생산관리', 'Y', SYSDATE FROM DUAL;
INSERT INTO ROLE (ROLE_CODE, ROLE_NAME, ROLE_DESC, USE_YN, CREATED_DATE)
SELECT 'ROLE_MES_USER', 'MES 사용자', 'MES 기능 사용 (작업지시·실적 입력)', 'Y', SYSDATE FROM DUAL;

-- 결재양식 - 결재권한자 디폴트값 지정
-- ERP 본부(DEP000)
-- 연차신청서 = 결재권한자 1 :이지현(이사)
-- 반차신청서 = 결재권한자 1: 이지현(이사)
-- 지출결의서 = 결재권한자 1: 이지현(이사)
-- 인사발령신청서 = 결재권한자3: 이지현(이사) -> 강호동(인사부 부장)->최고관리자(인사부 사장)
-- 자유양식결재서 = 결재권한자 0

INSERT INTO approval_form(
                FORM_CODE -- 양식코드
                ,FORM_NAME --양식이름
                ,DEPT_ID --부서id
                ,APPROVER_1 --결재권한자_1
                --APPROVER_2 -- 결재권한자_2
                --APPROVER_3 -- 결재권한자_3
)
VALUES('FORM1000','연차신청서','DEP000','2506589');                  -- 결재권한자 1 :이지현(이사)
INSERT INTO approval_form(FORM_CODE,FORM_NAME,DEPT_ID,APPROVER_1)
VALUES('FORM2000','반차신청서','DEP000','2506589');                  -- 결재권한자 1: 이지현(이사)
INSERT INTO approval_form(FORM_CODE,FORM_NAME,DEPT_ID,APPROVER_1)
VALUES('FORM3000','지출결의서','DEP000','2506589');                  -- 결재권한자 1: 이지현(이사)
INSERT INTO approval_form(FORM_CODE,FORM_NAME,DEPT_ID,APPROVER_1,APPROVER_2,APPROVER_3)
VALUES('FORM4000','인사발령신청서','DEP000','2506589','1904184','2511793'); --결재권한자3: 이지현(이사) -> 강호동(인사부 부장)->최고관리자(인사부 사장)
INSERT INTO approval_form(FORM_CODE,FORM_NAME,DEPT_ID)
VALUES('FORM5000','자유양식결재서','DEP000');                        -- 결재권한자 0

-- MES 본부(DEP100)
-- 연차신청서 = 결재권한자 1 :안중근(이사)
-- 반차신청서 = 결재권한자 1 :안중근(이사)
-- 지출결의서 = 결재권한자 1 :안중근(이사)
-- 인사발령신청서 = 결재권한자 3:안중근(이사) ->강호동(인사부 부장)->최고관리자(인사부 사장)
-- 자유양식결재서 = 결재권한자 0

INSERT INTO approval_form(FORM_CODE,FORM_NAME,DEPT_ID,APPROVER_1)
VALUES('FORM1100','연차신청서','DEP100','2412911');
INSERT INTO approval_form(FORM_CODE,FORM_NAME,DEPT_ID,APPROVER_1)
VALUES('FORM2100','반차신청서','DEP100','2412911');
INSERT INTO approval_form(FORM_CODE,FORM_NAME,DEPT_ID,APPROVER_1)
VALUES('FORM3100','지출결의서','DEP100','2412911');
INSERT INTO approval_form(FORM_CODE,FORM_NAME,DEPT_ID,APPROVER_1,APPROVER_2,APPROVER_3)
VALUES('FORM4400','인사발령신청서','DEP100','2412911','1904184','2511793');
INSERT INTO approval_form(FORM_CODE,FORM_NAME,DEPT_ID)
VALUES('FORM5500','자유양식결재서','DEP100');

-- 개발부 (DEP001)
-- 연차신청서 =  박경찬(과장)->김세종(차장)
-- 반차신청서 = 결재권한자 1: 전지현(과장)
-- 지출결의서 = 결재권한자 1: 이병헌(부장)
-- 인사발령신청서 = 결재권한자 3:이병헌(부장)->강호동(인사부 부장)->최고관리자(인사부 사장)
-- 자유양식결재서 = 결재권한자 0

INSERT INTO approval_form(FORM_CODE,FORM_NAME,DEPT_ID,APPROVER_1,APPROVER_2)
VALUES('FORM1001','연차신청서','DEP001','2001752','0009236');
INSERT INTO approval_form(FORM_CODE,FORM_NAME,DEPT_ID,APPROVER_1)
VALUES('FORM2001','반차신청서','DEP001','1706721');
INSERT INTO approval_form(FORM_CODE,FORM_NAME,DEPT_ID,APPROVER_1)
VALUES('FORM3001','지출결의서','DEP001','2109967');
INSERT INTO approval_form(FORM_CODE,FORM_NAME,DEPT_ID,APPROVER_1,APPROVER_2,APPROVER_3)
VALUES('FORM4001','인사발령신청서','DEP001','2109967','1904184','2511793'); 
INSERT INTO approval_form(FORM_CODE,FORM_NAME,DEPT_ID)
VALUES('FORM5001','자유양식결재서','DEP001');

-- 마케팅부 (DEP002)
-- 연차신청서 = 결재권한자 2: 박명수(과장)->최민식(차장)
-- 반차신청서 = 결재권한자 1: 박명수(과장)
-- 지출결의서 = 결재권한자 1: 이순신(부장)
-- 인사발령신청서 = 결재권한자 3:이순신(부장)->강호동(인사부 부장)->최고관리자(인사부 사장)
-- 자유양식결재서 = 결재권한자 0

INSERT INTO approval_form(FORM_CODE,FORM_NAME,DEPT_ID,APPROVER_1,APPROVER_2)
VALUES('FORM1002','연차신청서','DEP002','1807375','2011710');
INSERT INTO approval_form(FORM_CODE,FORM_NAME,DEPT_ID,APPROVER_1)
VALUES('FORM2002','반차신청서','DEP002','1807375');
INSERT INTO approval_form(FORM_CODE,FORM_NAME,DEPT_ID,APPROVER_1)
VALUES('FORM3002','지출결의서','DEP002','2506864');
INSERT INTO approval_form(FORM_CODE,FORM_NAME,DEPT_ID,APPROVER_1,APPROVER_2,APPROVER_3)
VALUES('FORM4002','인사발령신청서','DEP002','2506864','1904184','2511793'); 
INSERT INTO approval_form(FORM_CODE,FORM_NAME,DEPT_ID)
VALUES('FORM5002','자유양식결재서','DEP002');

-- 생산부 (DEP003)
-- 연차신청서 = 결재권한자 2 : 한수지(과장)->김연아(차장)
-- 반차신청서 = 결재권한자 1: 한수지(과장)
-- 지출결의서 = 결재권한자 1: 강감찬(부장)
-- 인사발령신청서 = 결재권한자 3:강감찬(부장)->강호동(인사부 부장)->최고관리자(인사부 사장)
-- 자유양식결재서 = 결재권한자 0

INSERT INTO approval_form(FORM_CODE,FORM_NAME,DEPT_ID,APPROVER_1,APPROVER_2)
VALUES('FORM1003','연차신청서','DEP003','1908631','1301823');
 INSERT INTO approval_form(FORM_CODE,FORM_NAME,DEPT_ID,APPROVER_1)
VALUES('FORM2003','반차신청서','DEP003','1908631');
INSERT INTO approval_form(FORM_CODE,FORM_NAME,DEPT_ID,APPROVER_1)
VALUES('FORM3003','지출결의서','DEP003','2303363');
INSERT INTO approval_form(FORM_CODE,FORM_NAME,DEPT_ID,APPROVER_1,APPROVER_2,APPROVER_3)
VALUES('FORM4003','인사발령신청서','DEP003','2303363','1904184','2511793'); 
INSERT INTO approval_form(FORM_CODE,FORM_NAME,DEPT_ID)
VALUES('FORM5003','자유양식결재서','DEP003');

-- 영업부 (DEP004)
-- 연차신청서 = 결재권한자 3 : 김아름(과장)->한석규(차장)-> 한효주(부장)
-- 반차신청서 = 결재권한자 1: 김아름(과장)
-- 지출결의서 = 결재권한자 1: 한효주(부장)
-- 인사발령신청서 = 결재권한자 3:한효주(부장)->강호동(인사부 부장)->최고관리자(인사부 사장)
-- 자유양식결재서 = 결재권한자 0

INSERT INTO approval_form(FORM_CODE,FORM_NAME,DEPT_ID,APPROVER_1,APPROVER_2,APPROVER_3)
VALUES('FORM1004','연차신청서','DEP004','1412699','2012978','1707705');
 INSERT INTO approval_form(FORM_CODE,FORM_NAME,DEPT_ID,APPROVER_1)
VALUES('FORM2004','반차신청서','DEP004','1412699');
INSERT INTO approval_form(FORM_CODE,FORM_NAME,DEPT_ID,APPROVER_1)
VALUES('FORM3004','지출결의서','DEP004','1707705');
INSERT INTO approval_form(FORM_CODE,FORM_NAME,DEPT_ID,APPROVER_1,APPROVER_2,APPROVER_3)
VALUES('FORM4004','인사발령신청서','DEP004','1707705','1904184','2511793');
INSERT INTO approval_form(FORM_CODE,FORM_NAME,DEPT_ID)
VALUES('FORM5004','자유양식결재서','DEP004');

-- 인사부(DEP005)
-- 연차신청서 = 결재권한자 3 :전도연(대리)->김영국(과장)->최고관리자(사장)
-- 반차신청서 = 결재권한자 1: 전도연(대리)
-- 지출결의서 = 결재권한자 1: 강호동(부장)
-- 인사발령신청서 = 결재권한자 3: 전도연(대리)->강호동(부장)->최고관리자(사장)
-- 자유양식결재서 = 결재권한자 0

INSERT INTO approval_form(FORM_CODE,FORM_NAME,DEPT_ID,APPROVER_1,APPROVER_2,APPROVER_3)
VALUES('FORM1005','연차신청서','DEP005','2104502','2401300','2511793');
 INSERT INTO approval_form(FORM_CODE,FORM_NAME,DEPT_ID,APPROVER_1)
VALUES('FORM2005','반차신청서','DEP005','2104502');
INSERT INTO approval_form(FORM_CODE,FORM_NAME,DEPT_ID,APPROVER_1)
VALUES('FORM3005','지출결의서','DEP005','1904184');
INSERT INTO approval_form(FORM_CODE,FORM_NAME,DEPT_ID,APPROVER_1,APPROVER_2,APPROVER_3)
VALUES('FORM4005','인사발령신청서','DEP005','2104502','1904184','2511793'); 
INSERT INTO approval_form(FORM_CODE,FORM_NAME,DEPT_ID)
VALUES('FORM5005','자유양식결재서','DEP005');
-- 대표(DEP999) - 특별권한
-- 연차신청서 = 결재권한자 0
-- 반차신청서 = 결재권한자 0
-- 지출결의서 = 결재권한자 0
-- 인사발령신청서 = 결재권한자 0
-- 자유양식결재서 = 결재권한자 0
INSERT INTO approval_form(FORM_CODE,FORM_NAME,DEPT_ID,APPROVER_1,APPROVER_2,APPROVER_3)
VALUES('FORM1999','연차신청서','DEP999','','','');
 INSERT INTO approval_form(FORM_CODE,FORM_NAME,DEPT_ID,APPROVER_1)
VALUES('FORM2999','반차신청서','DEP999','');
INSERT INTO approval_form(FORM_CODE,FORM_NAME,DEPT_ID,APPROVER_1)
VALUES('FORM3999','지출결의서','DEP999','');
INSERT INTO approval_form(FORM_CODE,FORM_NAME,DEPT_ID,APPROVER_1,APPROVER_2,APPROVER_3)
VALUES('FORM4999','인사발령신청서','DEP999','','',''); 
INSERT INTO approval_form(FORM_CODE,FORM_NAME,DEPT_ID)
VALUES('FORM5999','자유양식결재서','DEP999');


-- EMP
INSERT INTO EMP (EMP_ID, EMP_PWD, EMP_NAME, GENDER, RRN, MOBILE, EMAIL, POST_CODE, ADDRESS1, ADDRESS2, HIRE_DATE, STATUS, PHOTO_FILE_ID, CREATED_DATE, LAST_LOGIN, DEPT_ID, POS_CODE) VALUES ('0009236', '$2a$10$aaWH8JptD7aMu/F9nd0O9etgU2HyywAbdbTt9DEPL80Nphl1ev2AW', '김세종', 'M', '800925-5824156', '010-0221-9041', 'sejong@yeoun.com', '36502', '광주광역시 서구 상무중앙로 7 치평동 1201-2', '자이아파트 15층', TO_DATE('2000-09-23', 'YYYY-MM-DD'), 'ACTIVE', NULL, SYSTIMESTAMP, SYSTIMESTAMP, 'DEP001', 'POS004');
INSERT INTO EMP (EMP_ID, EMP_PWD, EMP_NAME, GENDER, RRN, MOBILE, EMAIL, POST_CODE, ADDRESS1, ADDRESS2, HIRE_DATE, STATUS, PHOTO_FILE_ID, CREATED_DATE, LAST_LOGIN, DEPT_ID, POS_CODE) VALUES ('2506864', '$2a$10$aaWH8JptD7aMu/F9nd0O9etgU2HyywAbdbTt9DEPL80Nphl1ev2AW', '이순신', 'M', '870522-6596249', '010-0241-9698', 'leess@yeoun.com', '33056', '강원특별자치도 춘천시 중앙로 30 석사동 30-1', '2층', TO_DATE('2025-06-23', 'YYYY-MM-DD'), 'ACTIVE', NULL, SYSTIMESTAMP, SYSTIMESTAMP, 'DEP002', 'POS005');
INSERT INTO EMP (EMP_ID, EMP_PWD, EMP_NAME, GENDER, RRN, MOBILE, EMAIL, POST_CODE, ADDRESS1, ADDRESS2, HIRE_DATE, STATUS, PHOTO_FILE_ID, CREATED_DATE, LAST_LOGIN, DEPT_ID, POS_CODE) VALUES ('2506589', '$2a$10$aaWH8JptD7aMu/F9nd0O9etgU2HyywAbdbTt9DEPL80Nphl1ev2AW', '이지현', 'F', '940510-6341736', '010-0130-4155', 'honey@yeoun.com', '22552', '강원특별자치도 춘천시 중앙로 30 석사동 30-1', '한빛아파트 13층', TO_DATE('2025-06-07', 'YYYY-MM-DD'), 'ACTIVE', NULL, SYSTIMESTAMP, SYSTIMESTAMP, 'DEP000', 'POS006');
INSERT INTO EMP (EMP_ID, EMP_PWD, EMP_NAME, GENDER, RRN, MOBILE, EMAIL, POST_CODE, ADDRESS1, ADDRESS2, HIRE_DATE, STATUS, PHOTO_FILE_ID, CREATED_DATE, LAST_LOGIN, DEPT_ID, POS_CODE) VALUES ('2505823', '$2a$10$aaWH8JptD7aMu/F9nd0O9etgU2HyywAbdbTt9DEPL80Nphl1ev2AW', '김구', 'M', '030809-6205409', '010-0149-5853', 'kimkoo@yeoun.com', '56400', '광주광역시 서구 상무중앙로 7 치평동 1201-2', '101동 1101호', TO_DATE('2025-05-18', 'YYYY-MM-DD'), 'ACTIVE', NULL, SYSTIMESTAMP, SYSTIMESTAMP, 'DEP004', 'POS001');
INSERT INTO EMP (EMP_ID, EMP_PWD, EMP_NAME, GENDER, RRN, MOBILE, EMAIL, POST_CODE, ADDRESS1, ADDRESS2, HIRE_DATE, STATUS, PHOTO_FILE_ID, CREATED_DATE, LAST_LOGIN, DEPT_ID, POS_CODE) VALUES ('2502310', '$2a$10$aaWH8JptD7aMu/F9nd0O9etgU2HyywAbdbTt9DEPL80Nphl1ev2AW', '윤봉길', 'M', '840502-5680238', '010-0174-3068', 'yoonbong@yeoun.com', '40762', '서울특별시 강남구 테헤란로 231 삼성동 100-1', '꿈에그린 2층', TO_DATE('2025-02-16', 'YYYY-MM-DD'), 'ACTIVE', NULL, SYSTIMESTAMP, SYSTIMESTAMP, 'DEP004', 'POS001');
INSERT INTO EMP (EMP_ID, EMP_PWD, EMP_NAME, GENDER, RRN, MOBILE, EMAIL, POST_CODE, ADDRESS1, ADDRESS2, HIRE_DATE, STATUS, PHOTO_FILE_ID, CREATED_DATE, LAST_LOGIN, DEPT_ID, POS_CODE) VALUES ('2412911', '$2a$10$aaWH8JptD7aMu/F9nd0O9etgU2HyywAbdbTt9DEPL80Nphl1ev2AW', '안중근', 'M', '940606-5364742', '010-0222-2869', 'ahnjung9@yeoun.com', '19943', '부산광역시 해운대구 센텀중앙로 55 우동 123-4', '102동 1202호', TO_DATE('2024-12-05', 'YYYY-MM-DD'), 'ACTIVE', NULL, SYSTIMESTAMP, SYSTIMESTAMP, 'DEP100', 'POS006');
INSERT INTO EMP (EMP_ID, EMP_PWD, EMP_NAME, GENDER, RRN, MOBILE, EMAIL, POST_CODE, ADDRESS1, ADDRESS2, HIRE_DATE, STATUS, PHOTO_FILE_ID, CREATED_DATE, LAST_LOGIN, DEPT_ID, POS_CODE) VALUES ('2410807', '$2a$10$aaWH8JptD7aMu/F9nd0O9etgU2HyywAbdbTt9DEPL80Nphl1ev2AW', '유관순', 'F', '980503-5224205', '010-0242-7818', 'wind@yeoun.com', '39524', '인천광역시 연수구 송도과학로 32 송도동 더샵 101동 803호', '4층', TO_DATE('2024-10-15', 'YYYY-MM-DD'), 'ACTIVE', NULL, SYSTIMESTAMP, SYSTIMESTAMP, 'DEP005', 'POS004');
INSERT INTO EMP (EMP_ID, EMP_PWD, EMP_NAME, GENDER, RRN, MOBILE, EMAIL, POST_CODE, ADDRESS1, ADDRESS2, HIRE_DATE, STATUS, PHOTO_FILE_ID, CREATED_DATE, LAST_LOGIN, DEPT_ID, POS_CODE) VALUES ('2407787', '$2a$10$aaWH8JptD7aMu/F9nd0O9etgU2HyywAbdbTt9DEPL80Nphl1ev2AW', '정약용', 'M', '891014-6696251', '010-0258-1986', 'jeongyy@yeoun.com', '53281', '인천광역시 연수구 송도과학로 32 송도동 더샵 101동 803호', '서해그랑블 902호', TO_DATE('2024-07-03', 'YYYY-MM-DD'), 'ACTIVE', NULL, SYSTIMESTAMP, SYSTIMESTAMP, 'DEP004', 'POS001');
INSERT INTO EMP (EMP_ID, EMP_PWD, EMP_NAME, GENDER, RRN, MOBILE, EMAIL, POST_CODE, ADDRESS1, ADDRESS2, HIRE_DATE, STATUS, PHOTO_FILE_ID, CREATED_DATE, LAST_LOGIN, DEPT_ID, POS_CODE) VALUES ('2407628', '$2a$10$aaWH8JptD7aMu/F9nd0O9etgU2HyywAbdbTt9DEPL80Nphl1ev2AW', '허준', 'M', '850406-5264136', '010-0100-7693', 'heo58@yeoun.com', '25170', '광주광역시 서구 상무중앙로 7 치평동 1201-2', '102동 1202호', TO_DATE('2024-07-10', 'YYYY-MM-DD'), 'ACTIVE', NULL, SYSTIMESTAMP, SYSTIMESTAMP, 'DEP005', 'POS002');
INSERT INTO EMP (EMP_ID, EMP_PWD, EMP_NAME, GENDER, RRN, MOBILE, EMAIL, POST_CODE, ADDRESS1, ADDRESS2, HIRE_DATE, STATUS, PHOTO_FILE_ID, CREATED_DATE, LAST_LOGIN, DEPT_ID, POS_CODE) VALUES ('2402879', '$2a$10$aaWH8JptD7aMu/F9nd0O9etgU2HyywAbdbTt9DEPL80Nphl1ev2AW', '이지환', 'M', '020523-6174637', '010-0275-4824', 'wind@yeoun.com', '17521', '인천광역시 연수구 송도과학로 32 송도동 더샵 101동 803호', '501호', TO_DATE('2024-02-18', 'YYYY-MM-DD'), 'ACTIVE', NULL, SYSTIMESTAMP, SYSTIMESTAMP, 'DEP001', 'POS001');
INSERT INTO EMP (EMP_ID, EMP_PWD, EMP_NAME, GENDER, RRN, MOBILE, EMAIL, POST_CODE, ADDRESS1, ADDRESS2, HIRE_DATE, STATUS, PHOTO_FILE_ID, CREATED_DATE, LAST_LOGIN, DEPT_ID, POS_CODE) VALUES ('2401300', '$2a$10$aaWH8JptD7aMu/F9nd0O9etgU2HyywAbdbTt9DEPL80Nphl1ev2AW', '손현준', 'M', '871105-6966785', '010-0136-2169', 'yi8@yeoun.com', '38780', '제주특별자치도 제주시 연삼로 120 연동 1200-2', '꿈에그린 2층', TO_DATE('2024-01-04', 'YYYY-MM-DD'), 'ACTIVE', NULL, SYSTIMESTAMP, SYSTIMESTAMP, 'DEP005', 'POS003');
INSERT INTO EMP (EMP_ID, EMP_PWD, EMP_NAME, GENDER, RRN, MOBILE, EMAIL, POST_CODE, ADDRESS1, ADDRESS2, HIRE_DATE, STATUS, PHOTO_FILE_ID, CREATED_DATE, LAST_LOGIN, DEPT_ID, POS_CODE) VALUES ('2308263', '$2a$10$aaWH8JptD7aMu/F9nd0O9etgU2HyywAbdbTt9DEPL80Nphl1ev2AW', '김유신', 'M', '941210-6385470', '010-0228-9847', 'kimys@yeoun.com', '38313', '제주특별자치도 제주시 연삼로 120 연동 1200-2', '102동 1202호', TO_DATE('2023-08-24', 'YYYY-MM-DD'), 'ACTIVE', NULL, SYSTIMESTAMP, SYSTIMESTAMP, 'DEP001', 'POS002');
INSERT INTO EMP (EMP_ID, EMP_PWD, EMP_NAME, GENDER, RRN, MOBILE, EMAIL, POST_CODE, ADDRESS1, ADDRESS2, HIRE_DATE, STATUS, PHOTO_FILE_ID, CREATED_DATE, LAST_LOGIN, DEPT_ID, POS_CODE) VALUES ('2303363', '$2a$10$aaWH8JptD7aMu/F9nd0O9etgU2HyywAbdbTt9DEPL80Nphl1ev2AW', '강감찬', 'M', '901009-5195763', '010-0158-1339', 'star@yeoun.com', '40834', '서울특별시 강남구 테헤란로 231 삼성동 100-1', '한빛아파트 13층', TO_DATE('2023-03-17', 'YYYY-MM-DD'), 'ACTIVE', NULL, SYSTIMESTAMP, SYSTIMESTAMP, 'DEP003', 'POS005');
INSERT INTO EMP (EMP_ID, EMP_PWD, EMP_NAME, GENDER, RRN, MOBILE, EMAIL, POST_CODE, ADDRESS1, ADDRESS2, HIRE_DATE, STATUS, PHOTO_FILE_ID, CREATED_DATE, LAST_LOGIN, DEPT_ID, POS_CODE) VALUES ('2303184', '$2a$10$aaWH8JptD7aMu/F9nd0O9etgU2HyywAbdbTt9DEPL80Nphl1ev2AW', '이유정', 'F', '000809-5713762', '010-0211-9056', 'ulji12@yeoun.com', '31040', '울산광역시 남구 삼산중로 100 삼산동 502-1', '2층', TO_DATE('2023-03-22', 'YYYY-MM-DD'), 'ACTIVE', NULL, SYSTIMESTAMP, SYSTIMESTAMP, 'DEP002', 'POS002');
INSERT INTO EMP (EMP_ID, EMP_PWD, EMP_NAME, GENDER, RRN, MOBILE, EMAIL, POST_CODE, ADDRESS1, ADDRESS2, HIRE_DATE, STATUS, PHOTO_FILE_ID, CREATED_DATE, LAST_LOGIN, DEPT_ID, POS_CODE) VALUES ('2110664', '$2a$10$aaWH8JptD7aMu/F9nd0O9etgU2HyywAbdbTt9DEPL80Nphl1ev2AW', '정보라', 'F', '830311-6827369', '010-0226-5722', 'sunny@yeoun.com', '15771', '서울특별시 강남구 테헤란로 231 삼성동 100-1', '803호', TO_DATE('2021-10-11', 'YYYY-MM-DD'), 'ACTIVE', NULL, SYSTIMESTAMP, SYSTIMESTAMP, 'DEP005', 'POS001');
INSERT INTO EMP (EMP_ID, EMP_PWD, EMP_NAME, GENDER, RRN, MOBILE, EMAIL, POST_CODE, ADDRESS1, ADDRESS2, HIRE_DATE, STATUS, PHOTO_FILE_ID, CREATED_DATE, LAST_LOGIN, DEPT_ID, POS_CODE) VALUES ('2109967', '$2a$10$aaWH8JptD7aMu/F9nd0O9etgU2HyywAbdbTt9DEPL80Nphl1ev2AW', '이병헌', 'M', '880604-6639593', '010-0100-9889', 'leebh@yeoun.com', '50804', '인천광역시 연수구 송도과학로 32 송도동 더샵 101동 803호', '3층', TO_DATE('2021-09-25', 'YYYY-MM-DD'), 'ACTIVE', NULL, SYSTIMESTAMP, SYSTIMESTAMP, 'DEP001', 'POS005');
INSERT INTO EMP (EMP_ID, EMP_PWD, EMP_NAME, GENDER, RRN, MOBILE, EMAIL, POST_CODE, ADDRESS1, ADDRESS2, HIRE_DATE, STATUS, PHOTO_FILE_ID, CREATED_DATE, LAST_LOGIN, DEPT_ID, POS_CODE) VALUES ('2109869', '$2a$10$aaWH8JptD7aMu/F9nd0O9etgU2HyywAbdbTt9DEPL80Nphl1ev2AW', '손예진', 'F', '951115-5313446', '010-0168-9998', 'sonyj17@yeoun.com', '11891', '경기도 성남시 분당구 정자일로 95 정자동 느티마을 3단지 1203호', 'B동 404호', TO_DATE('2021-09-21', 'YYYY-MM-DD'), 'ACTIVE', NULL, SYSTIMESTAMP, SYSTIMESTAMP, 'DEP003', 'POS001');
INSERT INTO EMP (EMP_ID, EMP_PWD, EMP_NAME, GENDER, RRN, MOBILE, EMAIL, POST_CODE, ADDRESS1, ADDRESS2, HIRE_DATE, STATUS, PHOTO_FILE_ID, CREATED_DATE, LAST_LOGIN, DEPT_ID, POS_CODE) VALUES ('2107996', '$2a$10$aaWH8JptD7aMu/F9nd0O9etgU2HyywAbdbTt9DEPL80Nphl1ev2AW', '송강호', 'M', '990423-5425845', '010-0241-1224', 'songgh@yeoun.com', '40241', '인천광역시 연수구 송도과학로 32 송도동 더샵 101동 803호', 'B동 404호', TO_DATE('2021-07-04', 'YYYY-MM-DD'), 'ACTIVE', NULL, SYSTIMESTAMP, SYSTIMESTAMP, 'DEP003', 'POS001');
INSERT INTO EMP (EMP_ID, EMP_PWD, EMP_NAME, GENDER, RRN, MOBILE, EMAIL, POST_CODE, ADDRESS1, ADDRESS2, HIRE_DATE, STATUS, PHOTO_FILE_ID, CREATED_DATE, LAST_LOGIN, DEPT_ID, POS_CODE) VALUES ('2104502', '$2a$10$aaWH8JptD7aMu/F9nd0O9etgU2HyywAbdbTt9DEPL80Nphl1ev2AW', '전도연', 'F', '000316-6633590', '010-0280-5479', 'jeondy54@yeoun.com', '46127', '인천광역시 연수구 송도과학로 32 송도동 더샵 101동 803호', '803호', TO_DATE('2021-04-05', 'YYYY-MM-DD'), 'ACTIVE', NULL, SYSTIMESTAMP, SYSTIMESTAMP, 'DEP005', 'POS002');
INSERT INTO EMP (EMP_ID, EMP_PWD, EMP_NAME, GENDER, RRN, MOBILE, EMAIL, POST_CODE, ADDRESS1, ADDRESS2, HIRE_DATE, STATUS, PHOTO_FILE_ID, CREATED_DATE, LAST_LOGIN, DEPT_ID, POS_CODE) VALUES ('2103347', '$2a$10$aaWH8JptD7aMu/F9nd0O9etgU2HyywAbdbTt9DEPL80Nphl1ev2AW', '김혜수', 'F', '920420-5173201', '010-0170-7798', 'kimhs44@yeoun.com', '57582', '서울특별시 강남구 테헤란로 231 삼성동 100-1', '꿈에그린 2층', TO_DATE('2021-03-10', 'YYYY-MM-DD'), 'ACTIVE', NULL, SYSTIMESTAMP, SYSTIMESTAMP, 'DEP001', 'POS001');
INSERT INTO EMP (EMP_ID, EMP_PWD, EMP_NAME, GENDER, RRN, MOBILE, EMAIL, POST_CODE, ADDRESS1, ADDRESS2, HIRE_DATE, STATUS, PHOTO_FILE_ID, CREATED_DATE, LAST_LOGIN, DEPT_ID, POS_CODE) VALUES ('2012978', '$2a$10$aaWH8JptD7aMu/F9nd0O9etgU2HyywAbdbTt9DEPL80Nphl1ev2AW', '한석규', 'M', '981022-6255813', '010-0214-9824', 'hanseok62@yeoun.com', '39841', '강원특별자치도 춘천시 중앙로 30 석사동 30-1', '4층', TO_DATE('2020-12-11', 'YYYY-MM-DD'), 'ACTIVE', NULL, SYSTIMESTAMP, SYSTIMESTAMP, 'DEP004', 'POS004');
INSERT INTO EMP (EMP_ID, EMP_PWD, EMP_NAME, GENDER, RRN, MOBILE, EMAIL, POST_CODE, ADDRESS1, ADDRESS2, HIRE_DATE, STATUS, PHOTO_FILE_ID, CREATED_DATE, LAST_LOGIN, DEPT_ID, POS_CODE) VALUES ('2011710', '$2a$10$aaWH8JptD7aMu/F9nd0O9etgU2HyywAbdbTt9DEPL80Nphl1ev2AW', '최민식', 'M', '861208-6344907', '010-0298-7730', 'minsik@yeoun.com', '35302', '경기도 성남시 분당구 정자일로 95 정자동 느티마을 3단지 1203호', '4층', TO_DATE('2020-11-22', 'YYYY-MM-DD'), 'ACTIVE', NULL, SYSTIMESTAMP, SYSTIMESTAMP, 'DEP002', 'POS004');
INSERT INTO EMP (EMP_ID, EMP_PWD, EMP_NAME, GENDER, RRN, MOBILE, EMAIL, POST_CODE, ADDRESS1, ADDRESS2, HIRE_DATE, STATUS, PHOTO_FILE_ID, CREATED_DATE, LAST_LOGIN, DEPT_ID, POS_CODE) VALUES ('2004459', '$2a$10$aaWH8JptD7aMu/F9nd0O9etgU2HyywAbdbTt9DEPL80Nphl1ev2AW', '정수빈', 'M', '840728-5178463', '010-0220-5342', 'subin@yeoun.com', '31532', '울산광역시 남구 삼산중로 100 삼산동 502-1', '301동 602호', TO_DATE('2020-04-28', 'YYYY-MM-DD'), 'ACTIVE', NULL, SYSTIMESTAMP, SYSTIMESTAMP, 'DEP004', 'POS002');
INSERT INTO EMP (EMP_ID, EMP_PWD, EMP_NAME, GENDER, RRN, MOBILE, EMAIL, POST_CODE, ADDRESS1, ADDRESS2, HIRE_DATE, STATUS, PHOTO_FILE_ID, CREATED_DATE, LAST_LOGIN, DEPT_ID, POS_CODE) VALUES ('2001752', '$2a$10$aaWH8JptD7aMu/F9nd0O9etgU2HyywAbdbTt9DEPL80Nphl1ev2AW', '박경찬', 'M', '010913-6757246', '010-0283-8994', 'chan@yeoun.com', '51363', '부산광역시 해운대구 센텀중앙로 55 우동 123-4', '자이아파트 15층', TO_DATE('2020-01-22', 'YYYY-MM-DD'), 'ACTIVE', NULL, SYSTIMESTAMP, SYSTIMESTAMP, 'DEP001', 'POS003');
INSERT INTO EMP (EMP_ID, EMP_PWD, EMP_NAME, GENDER, RRN, MOBILE, EMAIL, POST_CODE, ADDRESS1, ADDRESS2, HIRE_DATE, STATUS, PHOTO_FILE_ID, CREATED_DATE, LAST_LOGIN, DEPT_ID, POS_CODE) VALUES ('1908631', '$2a$10$aaWH8JptD7aMu/F9nd0O9etgU2HyywAbdbTt9DEPL80Nphl1ev2AW', '한수지', 'F', '890424-5555052', '010-0125-2646', 'dream@yeoun.com', '13014', '광주광역시 서구 상무중앙로 7 치평동 1201-2', '101동 1101호', TO_DATE('2019-08-11', 'YYYY-MM-DD'), 'ACTIVE', NULL, SYSTIMESTAMP, SYSTIMESTAMP, 'DEP003', 'POS003');
INSERT INTO EMP (EMP_ID, EMP_PWD, EMP_NAME, GENDER, RRN, MOBILE, EMAIL, POST_CODE, ADDRESS1, ADDRESS2, HIRE_DATE, STATUS, PHOTO_FILE_ID, CREATED_DATE, LAST_LOGIN, DEPT_ID, POS_CODE) VALUES ('1907475', '$2a$10$aaWH8JptD7aMu/F9nd0O9etgU2HyywAbdbTt9DEPL80Nphl1ev2AW', '이지은', 'F', '920512-6551607', '010-0137-5000', 'leeje@yeoun.com', '21473', '대구광역시 수성구 달구벌대로 2485 범어동 22-3', '한빛아파트 13층', TO_DATE('2019-07-03', 'YYYY-MM-DD'), 'ACTIVE', NULL, SYSTIMESTAMP, SYSTIMESTAMP, 'DEP002', 'POS001');
INSERT INTO EMP (EMP_ID, EMP_PWD, EMP_NAME, GENDER, RRN, MOBILE, EMAIL, POST_CODE, ADDRESS1, ADDRESS2, HIRE_DATE, STATUS, PHOTO_FILE_ID, CREATED_DATE, LAST_LOGIN, DEPT_ID, POS_CODE) VALUES ('1906734', '$2a$10$aaWH8JptD7aMu/F9nd0O9etgU2HyywAbdbTt9DEPL80Nphl1ev2AW', '유재석', 'M', '990720-5621841', '010-0249-3344', 'youjs@yeoun.com', '26733', '광주광역시 서구 상무중앙로 7 치평동 1201-2', '803호', TO_DATE('2019-06-22', 'YYYY-MM-DD'), 'ACTIVE', NULL, SYSTIMESTAMP, SYSTIMESTAMP, 'DEP003', 'POS002');
INSERT INTO EMP (EMP_ID, EMP_PWD, EMP_NAME, GENDER, RRN, MOBILE, EMAIL, POST_CODE, ADDRESS1, ADDRESS2, HIRE_DATE, STATUS, PHOTO_FILE_ID, CREATED_DATE, LAST_LOGIN, DEPT_ID, POS_CODE) VALUES ('1904184', '$2a$10$aaWH8JptD7aMu/F9nd0O9etgU2HyywAbdbTt9DEPL80Nphl1ev2AW', '강호동', 'M', '800810-5177449', '010-0213-6661', 'hodong@yeoun.com', '39939', '울산광역시 남구 삼산중로 100 삼산동 502-1', '서해그랑블 902호', TO_DATE('2019-04-28', 'YYYY-MM-DD'), 'ACTIVE', NULL, SYSTIMESTAMP, SYSTIMESTAMP, 'DEP005', 'POS005');
INSERT INTO EMP (EMP_ID, EMP_PWD, EMP_NAME, GENDER, RRN, MOBILE, EMAIL, POST_CODE, ADDRESS1, ADDRESS2, HIRE_DATE, STATUS, PHOTO_FILE_ID, CREATED_DATE, LAST_LOGIN, DEPT_ID, POS_CODE) VALUES ('1807375', '$2a$10$aaWH8JptD7aMu/F9nd0O9etgU2HyywAbdbTt9DEPL80Nphl1ev2AW', '박명수', 'M', '890413-6211834', '010-0160-7248', 'halmyung@yeoun.com', '11437', '광주광역시 서구 상무중앙로 7 치평동 1201-2', '꿈에그린 2층', TO_DATE('2018-07-27', 'YYYY-MM-DD'), 'ACTIVE', NULL, SYSTIMESTAMP, SYSTIMESTAMP, 'DEP002', 'POS003');
INSERT INTO EMP (EMP_ID, EMP_PWD, EMP_NAME, GENDER, RRN, MOBILE, EMAIL, POST_CODE, ADDRESS1, ADDRESS2, HIRE_DATE, STATUS, PHOTO_FILE_ID, CREATED_DATE, LAST_LOGIN, DEPT_ID, POS_CODE) VALUES ('1804830', '$2a$10$aaWH8JptD7aMu/F9nd0O9etgU2HyywAbdbTt9DEPL80Nphl1ev2AW', '정유정', 'F', '010709-5693419', '010-0275-1803', 'jungws78@yeoun.com', '24352', '인천광역시 연수구 송도과학로 32 송도동 더샵 101동 803호', '3층', TO_DATE('2018-04-21', 'YYYY-MM-DD'), 'ACTIVE', NULL, SYSTIMESTAMP, SYSTIMESTAMP, 'DEP002', 'POS002');
INSERT INTO EMP (EMP_ID, EMP_PWD, EMP_NAME, GENDER, RRN, MOBILE, EMAIL, POST_CODE, ADDRESS1, ADDRESS2, HIRE_DATE, STATUS, PHOTO_FILE_ID, CREATED_DATE, LAST_LOGIN, DEPT_ID, POS_CODE) VALUES ('1707923', '$2a$10$aaWH8JptD7aMu/F9nd0O9etgU2HyywAbdbTt9DEPL80Nphl1ev2AW', '조인성', 'M', '861009-5758765', '010-0124-1645', 'join@yeoun.com', '57995', '제주특별자치도 제주시 연삼로 120 연동 1200-2', '3층', TO_DATE('2017-07-05', 'YYYY-MM-DD'), 'ACTIVE', NULL, SYSTIMESTAMP, SYSTIMESTAMP, 'DEP003', 'POS001');
INSERT INTO EMP (EMP_ID, EMP_PWD, EMP_NAME, GENDER, RRN, MOBILE, EMAIL, POST_CODE, ADDRESS1, ADDRESS2, HIRE_DATE, STATUS, PHOTO_FILE_ID, CREATED_DATE, LAST_LOGIN, DEPT_ID, POS_CODE) VALUES ('1707705', '$2a$10$aaWH8JptD7aMu/F9nd0O9etgU2HyywAbdbTt9DEPL80Nphl1ev2AW', '한효주', 'F', '820511-6284171', '010-0151-3165', 'hyoju@yeoun.com', '20783', '강원특별자치도 춘천시 중앙로 30 석사동 30-1', '서해그랑블 902호', TO_DATE('2017-07-09', 'YYYY-MM-DD'), 'ACTIVE', NULL, SYSTIMESTAMP, SYSTIMESTAMP, 'DEP004', 'POS005');
INSERT INTO EMP (EMP_ID, EMP_PWD, EMP_NAME, GENDER, RRN, MOBILE, EMAIL, POST_CODE, ADDRESS1, ADDRESS2, HIRE_DATE, STATUS, PHOTO_FILE_ID, CREATED_DATE, LAST_LOGIN, DEPT_ID, POS_CODE) VALUES ('1706721', '$2a$10$aaWH8JptD7aMu/F9nd0O9etgU2HyywAbdbTt9DEPL80Nphl1ev2AW', '전지현', 'F', '950524-6943298', '010-0129-8673', 'jeonjh@yeoun.com', '15918', '울산광역시 남구 삼산중로 100 삼산동 502-1', '3층', TO_DATE('2017-06-26', 'YYYY-MM-DD'), 'ACTIVE', NULL, SYSTIMESTAMP, SYSTIMESTAMP, 'DEP001', 'POS003');
INSERT INTO EMP (EMP_ID, EMP_PWD, EMP_NAME, GENDER, RRN, MOBILE, EMAIL, POST_CODE, ADDRESS1, ADDRESS2, HIRE_DATE, STATUS, PHOTO_FILE_ID, CREATED_DATE, LAST_LOGIN, DEPT_ID, POS_CODE) VALUES ('1705725', '$2a$10$aaWH8JptD7aMu/F9nd0O9etgU2HyywAbdbTt9DEPL80Nphl1ev2AW', '조승우', 'M', '920109-5576877', '010-0194-5295', 'josw@yeoun.com', '54226', '대전광역시 유성구 대학로 99 궁동 23-5', 'B동 404호', TO_DATE('2017-05-08', 'YYYY-MM-DD'), 'ACTIVE', NULL, SYSTIMESTAMP, SYSTIMESTAMP, 'DEP002', 'POS003');
INSERT INTO EMP (EMP_ID, EMP_PWD, EMP_NAME, GENDER, RRN, MOBILE, EMAIL, POST_CODE, ADDRESS1, ADDRESS2, HIRE_DATE, STATUS, PHOTO_FILE_ID, CREATED_DATE, LAST_LOGIN, DEPT_ID, POS_CODE) VALUES ('1702994', '$2a$10$aaWH8JptD7aMu/F9nd0O9etgU2HyywAbdbTt9DEPL80Nphl1ev2AW', '유은희', 'F', '950120-6739717', '010-0156-2035', 'youeh@yeoun.com', '17646', '광주광역시 서구 상무중앙로 7 치평동 1201-2', '501호', TO_DATE('2017-02-05', 'YYYY-MM-DD'), 'ACTIVE', NULL, SYSTIMESTAMP, SYSTIMESTAMP, 'DEP004', 'POS001');
INSERT INTO EMP (EMP_ID, EMP_PWD, EMP_NAME, GENDER, RRN, MOBILE, EMAIL, POST_CODE, ADDRESS1, ADDRESS2, HIRE_DATE, STATUS, PHOTO_FILE_ID, CREATED_DATE, LAST_LOGIN, DEPT_ID, POS_CODE) VALUES ('1610136', '$2a$10$aaWH8JptD7aMu/F9nd0O9etgU2HyywAbdbTt9DEPL80Nphl1ev2AW', '김고은', 'F', '810110-6221761', '010-0124-4846', 'kimge69@yeoun.com', '53940', '경기도 성남시 분당구 정자일로 95 정자동 느티마을 3단지 1203호', '3층', TO_DATE('2016-10-24', 'YYYY-MM-DD'), 'ACTIVE', NULL, SYSTIMESTAMP, SYSTIMESTAMP, 'DEP005', 'POS001');
INSERT INTO EMP (EMP_ID, EMP_PWD, EMP_NAME, GENDER, RRN, MOBILE, EMAIL, POST_CODE, ADDRESS1, ADDRESS2, HIRE_DATE, STATUS, PHOTO_FILE_ID, CREATED_DATE, LAST_LOGIN, DEPT_ID, POS_CODE) VALUES ('1509290', '$2a$10$aaWH8JptD7aMu/F9nd0O9etgU2HyywAbdbTt9DEPL80Nphl1ev2AW', '김태희', 'F', '020914-5535037', '010-0267-2622', 'kimth63@yeoun.com', '55238', '광주광역시 서구 상무중앙로 7 치평동 1201-2', '102동 1202호', TO_DATE('2015-09-12', 'YYYY-MM-DD'), 'ACTIVE', NULL, SYSTIMESTAMP, SYSTIMESTAMP, 'DEP001', 'POS001');
INSERT INTO EMP (EMP_ID, EMP_PWD, EMP_NAME, GENDER, RRN, MOBILE, EMAIL, POST_CODE, ADDRESS1, ADDRESS2, HIRE_DATE, STATUS, PHOTO_FILE_ID, CREATED_DATE, LAST_LOGIN, DEPT_ID, POS_CODE) VALUES ('1508863', '$2a$10$aaWH8JptD7aMu/F9nd0O9etgU2HyywAbdbTt9DEPL80Nphl1ev2AW', '이영애', 'F', '860815-5997004', '010-0192-2627', 'leeya@yeoun.com', '36092', '대전광역시 유성구 대학로 99 궁동 23-5', '102동 1202호', TO_DATE('2015-08-09', 'YYYY-MM-DD'), 'ACTIVE', NULL, SYSTIMESTAMP, SYSTIMESTAMP, 'DEP002', 'POS002');
INSERT INTO EMP (EMP_ID, EMP_PWD, EMP_NAME, GENDER, RRN, MOBILE, EMAIL, POST_CODE, ADDRESS1, ADDRESS2, HIRE_DATE, STATUS, PHOTO_FILE_ID, CREATED_DATE, LAST_LOGIN, DEPT_ID, POS_CODE) VALUES ('1506104', '$2a$10$aaWH8JptD7aMu/F9nd0O9etgU2HyywAbdbTt9DEPL80Nphl1ev2AW', '이나연', 'F', '860228-6196126', '010-0269-4475', 'junghi@yeoun.com', '25962', '서울특별시 강남구 테헤란로 231 삼성동 100-1', '2층', TO_DATE('2015-06-05', 'YYYY-MM-DD'), 'ACTIVE', NULL, SYSTIMESTAMP, SYSTIMESTAMP, 'DEP002', 'POS001');
INSERT INTO EMP (EMP_ID, EMP_PWD, EMP_NAME, GENDER, RRN, MOBILE, EMAIL, POST_CODE, ADDRESS1, ADDRESS2, HIRE_DATE, STATUS, PHOTO_FILE_ID, CREATED_DATE, LAST_LOGIN, DEPT_ID, POS_CODE) VALUES ('1501716', '$2a$10$aaWH8JptD7aMu/F9nd0O9etgU2HyywAbdbTt9DEPL80Nphl1ev2AW', '박승표', 'M', '980403-5714867', '010-0155-4817', 'spyo@yeoun.com', '19482', '서울특별시 강남구 테헤란로 231 삼성동 100-1', '서해그랑블 902호', TO_DATE('2015-01-05', 'YYYY-MM-DD'), 'ACTIVE', NULL, SYSTIMESTAMP, SYSTIMESTAMP, 'DEP003', 'POS001');
INSERT INTO EMP (EMP_ID, EMP_PWD, EMP_NAME, GENDER, RRN, MOBILE, EMAIL, POST_CODE, ADDRESS1, ADDRESS2, HIRE_DATE, STATUS, PHOTO_FILE_ID, CREATED_DATE, LAST_LOGIN, DEPT_ID, POS_CODE) VALUES ('1412699', '$2a$10$aaWH8JptD7aMu/F9nd0O9etgU2HyywAbdbTt9DEPL80Nphl1ev2AW', '김아름', 'F', '970526-5215266', '010-0269-1422', 'kimdm17@yeoun.com', '11034', '인천광역시 연수구 송도과학로 32 송도동 더샵 101동 803호', '2층', TO_DATE('2014-12-06', 'YYYY-MM-DD'), 'ACTIVE', NULL, SYSTIMESTAMP, SYSTIMESTAMP, 'DEP004', 'POS003');
INSERT INTO EMP (EMP_ID, EMP_PWD, EMP_NAME, GENDER, RRN, MOBILE, EMAIL, POST_CODE, ADDRESS1, ADDRESS2, HIRE_DATE, STATUS, PHOTO_FILE_ID, CREATED_DATE, LAST_LOGIN, DEPT_ID, POS_CODE) VALUES ('1404285', '$2a$10$aaWH8JptD7aMu/F9nd0O9etgU2HyywAbdbTt9DEPL80Nphl1ev2AW', '이민호', 'M', '880105-6651640', '010-0129-2041', 'leemh61@yeoun.com', '39622', '강원특별자치도 춘천시 중앙로 30 석사동 30-1', 'B동 404호', TO_DATE('2014-04-17', 'YYYY-MM-DD'), 'ACTIVE', NULL, SYSTIMESTAMP, SYSTIMESTAMP, 'DEP003', 'POS001');
INSERT INTO EMP (EMP_ID, EMP_PWD, EMP_NAME, GENDER, RRN, MOBILE, EMAIL, POST_CODE, ADDRESS1, ADDRESS2, HIRE_DATE, STATUS, PHOTO_FILE_ID, CREATED_DATE, LAST_LOGIN, DEPT_ID, POS_CODE) VALUES ('1401244', '$2a$10$aaWH8JptD7aMu/F9nd0O9etgU2HyywAbdbTt9DEPL80Nphl1ev2AW', '김혜정', 'F', '871002-6580292', '010-0264-1510', 'ryujy8@yeoun.com', '42130', '울산광역시 남구 삼산중로 100 삼산동 502-1', 'B동 404호', TO_DATE('2014-01-23', 'YYYY-MM-DD'), 'ACTIVE', NULL, SYSTIMESTAMP, SYSTIMESTAMP, 'DEP001', 'POS001');
INSERT INTO EMP (EMP_ID, EMP_PWD, EMP_NAME, GENDER, RRN, MOBILE, EMAIL, POST_CODE, ADDRESS1, ADDRESS2, HIRE_DATE, STATUS, PHOTO_FILE_ID, CREATED_DATE, LAST_LOGIN, DEPT_ID, POS_CODE) VALUES ('1306178', '$2a$10$aaWH8JptD7aMu/F9nd0O9etgU2HyywAbdbTt9DEPL80Nphl1ev2AW', '차은우', 'M', '940203-6737846', '010-0137-2076', 'eunwoo@yeoun.com', '34962', '제주특별자치도 제주시 연삼로 120 연동 1200-2', '2층', TO_DATE('2013-06-20', 'YYYY-MM-DD'), 'ACTIVE', NULL, SYSTIMESTAMP, SYSTIMESTAMP, 'DEP004', 'POS004');
INSERT INTO EMP (EMP_ID, EMP_PWD, EMP_NAME, GENDER, RRN, MOBILE, EMAIL, POST_CODE, ADDRESS1, ADDRESS2, HIRE_DATE, STATUS, PHOTO_FILE_ID, CREATED_DATE, LAST_LOGIN, DEPT_ID, POS_CODE) VALUES ('1302617', '$2a$10$aaWH8JptD7aMu/F9nd0O9etgU2HyywAbdbTt9DEPL80Nphl1ev2AW', '손흥민', 'M', '960515-6203996', '010-0279-2874', 'sonny@yeoun.com', '39593', '인천광역시 연수구 송도과학로 32 송도동 더샵 101동 803호', '501호', TO_DATE('2013-02-08', 'YYYY-MM-DD'), 'ACTIVE', NULL, SYSTIMESTAMP, SYSTIMESTAMP, 'DEP003', 'POS002');
INSERT INTO EMP (EMP_ID, EMP_PWD, EMP_NAME, GENDER, RRN, MOBILE, EMAIL, POST_CODE, ADDRESS1, ADDRESS2, HIRE_DATE, STATUS, PHOTO_FILE_ID, CREATED_DATE, LAST_LOGIN, DEPT_ID, POS_CODE) VALUES ('1301823', '$2a$10$aaWH8JptD7aMu/F9nd0O9etgU2HyywAbdbTt9DEPL80Nphl1ev2AW', '김연아', 'F', '930627-6518098', '010-0206-2557', 'kimya41@yeoun.com', '20003', '광주광역시 서구 상무중앙로 7 치평동 1201-2', '3층', TO_DATE('2013-01-22', 'YYYY-MM-DD'), 'ACTIVE', NULL, SYSTIMESTAMP, SYSTIMESTAMP, 'DEP003', 'POS004');
INSERT INTO EMP (EMP_ID, EMP_PWD, EMP_NAME, GENDER, RRN, MOBILE, EMAIL, POST_CODE, ADDRESS1, ADDRESS2, HIRE_DATE, STATUS, PHOTO_FILE_ID, CREATED_DATE, LAST_LOGIN, DEPT_ID, POS_CODE) VALUES ('1212618', '$2a$10$aaWH8JptD7aMu/F9nd0O9etgU2HyywAbdbTt9DEPL80Nphl1ev2AW', '박지성', 'M', '950203-5197758', '010-0210-2582', 'parkjs@yeoun.com', '48434', '강원특별자치도 춘천시 중앙로 30 석사동 30-1', '102동 1202호', TO_DATE('2012-12-18', 'YYYY-MM-DD'), 'ACTIVE', NULL, SYSTIMESTAMP, SYSTIMESTAMP, 'DEP002', 'POS001');
INSERT INTO EMP (EMP_ID, EMP_PWD, EMP_NAME, GENDER, RRN, MOBILE, EMAIL, POST_CODE, ADDRESS1, ADDRESS2, HIRE_DATE, STATUS, PHOTO_FILE_ID, CREATED_DATE, LAST_LOGIN, DEPT_ID, POS_CODE) VALUES ('1210571', '$2a$10$aaWH8JptD7aMu/F9nd0O9etgU2HyywAbdbTt9DEPL80Nphl1ev2AW', '김유리', 'F', '970622-5530764', '010-0190-7929', 'yoona93@yeoun.com', '33045', '제주특별자치도 제주시 연삼로 120 연동 1200-2', '꿈에그린 2층', TO_DATE('2012-10-04', 'YYYY-MM-DD'), 'ACTIVE', NULL, SYSTIMESTAMP, SYSTIMESTAMP, 'DEP001', 'POS002');
INSERT INTO EMP (EMP_ID, EMP_PWD, EMP_NAME, GENDER, RRN, MOBILE, EMAIL, POST_CODE, ADDRESS1, ADDRESS2, HIRE_DATE, STATUS, PHOTO_FILE_ID, CREATED_DATE, LAST_LOGIN, DEPT_ID, POS_CODE) VALUES ('1209349', '$2a$10$aaWH8JptD7aMu/F9nd0O9etgU2HyywAbdbTt9DEPL80Nphl1ev2AW', '김은혜', 'F', '950815-5788637', '010-0223-4674', 'keh@yeoun.com', '59978', '대전광역시 유성구 대학로 99 궁동 23-5', 'B동 404호', TO_DATE('2012-09-09', 'YYYY-MM-DD'), 'ACTIVE', NULL, SYSTIMESTAMP, SYSTIMESTAMP, 'DEP004', 'POS001');
INSERT INTO MSG_STATUS (EMP_ID, AVLB_STAT,AVLB_UPDATED,AUTO_WORK_STAT,MANUAL_WORK_STAT,WORK_STAT_UPDATED,WORK_STAT_SOURCE,ONLINE_YN,LAST_LOGIN,MSG_PROFILE,REMARK) VALUES ('2511027','ONLINE', SYSDATE, 'IN', NULL, SYSDATE, 'SYSTEM', 'Y', SYSDATE, 1, NULL);

-- 연차 데이터
INSERT INTO annual_leave (LEAVE_ID, PERIOD_END, PERIOD_START, REASON, REMAIN_DAYS, TOTAL_DAYS, UPDATED_DATE, UPDATED_USER, USE_YEAR, USED_DAYS, EMP_ID) VALUES (5, TO_DATE('25/12/31','RR/MM/DD'), TO_DATE('25/01/01','RR/MM/DD'),'리프레시 연차', 23, 25, TO_TIMESTAMP('25/11/24 09:46:01.140898000','RR/MM/DD HH24:MI:SS.FF'),'2511793', 2025, 2, '2511793');
INSERT INTO annual_leave (LEAVE_ID, PERIOD_END, PERIOD_START, REASON, REMAIN_DAYS, TOTAL_DAYS, UPDATED_DATE, UPDATED_USER, USE_YEAR, USED_DAYS, EMP_ID) VALUES (10, TO_DATE('25/12/31','RR/MM/DD'), TO_DATE('25/01/01','RR/MM/DD'), 'test', 20, 20, TO_TIMESTAMP('25/11/24 09:32:43.060788000','RR/MM/DD HH24:MI:SS.FF'),'2511793', 2025, 0, '0009236');
INSERT INTO annual_leave (LEAVE_ID, PERIOD_END, PERIOD_START, REASON, REMAIN_DAYS, TOTAL_DAYS, UPDATED_DATE, UPDATED_USER, USE_YEAR, USED_DAYS, EMP_ID) VALUES (7, TO_DATE('26/06/22','RR/MM/DD'), TO_DATE('25/06/23','RR/MM/DD'), NULL, 6, 6, NULL, NULL, 2025, 0, '2506864');
INSERT INTO annual_leave (LEAVE_ID, PERIOD_END, PERIOD_START, REASON, REMAIN_DAYS, TOTAL_DAYS, UPDATED_DATE, UPDATED_USER, USE_YEAR, USED_DAYS, EMP_ID) VALUES (8, TO_DATE('26/06/06','RR/MM/DD'), TO_DATE('25/06/07','RR/MM/DD'), NULL, 6, 6, NULL, NULL, 2025, 0, '2506589');
INSERT INTO annual_leave (LEAVE_ID, PERIOD_END, PERIOD_START, REASON, REMAIN_DAYS, TOTAL_DAYS, UPDATED_DATE, UPDATED_USER, USE_YEAR, USED_DAYS, EMP_ID) VALUES (11, TO_DATE('26/02/15','RR/MM/DD'), TO_DATE('25/02/16','RR/MM/DD'), NULL, 10, 10, NULL, NULL, 2025, 0, '2502310');
INSERT INTO annual_leave (LEAVE_ID, PERIOD_END, PERIOD_START, REASON, REMAIN_DAYS, TOTAL_DAYS, UPDATED_DATE, UPDATED_USER, USE_YEAR, USED_DAYS, EMP_ID) VALUES (12, TO_DATE('25/12/31','RR/MM/DD'), TO_DATE('25/01/01','RR/MM/DD'), NULL, 11, 11, NULL, NULL, 2025, 0, '2412911');
INSERT INTO annual_leave (LEAVE_ID, PERIOD_END, PERIOD_START, REASON, REMAIN_DAYS, TOTAL_DAYS, UPDATED_DATE, UPDATED_USER, USE_YEAR, USED_DAYS, EMP_ID) VALUES (13, TO_DATE('25/12/31','RR/MM/DD'), TO_DATE('25/01/01','RR/MM/DD'), NULL, 15, 15, NULL, NULL, 2025, 0, '2410807');
INSERT INTO annual_leave (LEAVE_ID, PERIOD_END, PERIOD_START, REASON, REMAIN_DAYS, TOTAL_DAYS, UPDATED_DATE, UPDATED_USER, USE_YEAR, USED_DAYS, EMP_ID) VALUES (14, TO_DATE('25/12/31','RR/MM/DD'), TO_DATE('25/01/01','RR/MM/DD'), NULL, 15, 15, NULL, NULL, 2025, 0, '2407787');
INSERT INTO annual_leave (LEAVE_ID, PERIOD_END, PERIOD_START, REASON, REMAIN_DAYS, TOTAL_DAYS, UPDATED_DATE, UPDATED_USER, USE_YEAR, USED_DAYS, EMP_ID) VALUES (15, TO_DATE('25/12/31','RR/MM/DD'), TO_DATE('25/01/01','RR/MM/DD'), NULL, 15, 15, NULL, NULL, 2025, 0, '2407628');
INSERT INTO annual_leave (LEAVE_ID, PERIOD_END, PERIOD_START, REASON, REMAIN_DAYS, TOTAL_DAYS, UPDATED_DATE, UPDATED_USER, USE_YEAR, USED_DAYS, EMP_ID) VALUES (24, TO_DATE('25/12/31','RR/MM/DD'), TO_DATE('25/01/01','RR/MM/DD'), NULL, 16, 16, NULL, NULL, 2025, 0, '2012978');
INSERT INTO annual_leave (LEAVE_ID, PERIOD_END, PERIOD_START, REASON, REMAIN_DAYS, TOTAL_DAYS, UPDATED_DATE, UPDATED_USER, USE_YEAR, USED_DAYS, EMP_ID) VALUES (16, TO_DATE('25/12/31','RR/MM/DD'), TO_DATE('25/01/01','RR/MM/DD'), NULL, 15, 15, NULL, NULL, 2025, 0, '2401300');
INSERT INTO annual_leave (LEAVE_ID, PERIOD_END, PERIOD_START, REASON, REMAIN_DAYS, TOTAL_DAYS, UPDATED_DATE, UPDATED_USER, USE_YEAR, USED_DAYS, EMP_ID) VALUES (17, TO_DATE('25/12/31','RR/MM/DD'), TO_DATE('25/01/01','RR/MM/DD'), NULL, 15, 15, NULL, NULL, 2025, 0, '2308263');
INSERT INTO annual_leave (LEAVE_ID, PERIOD_END, PERIOD_START, REASON, REMAIN_DAYS, TOTAL_DAYS, UPDATED_DATE, UPDATED_USER, USE_YEAR, USED_DAYS, EMP_ID) VALUES (18, TO_DATE('25/12/31','RR/MM/DD'), TO_DATE('25/01/01','RR/MM/DD'), NULL, 16, 16, NULL, NULL, 2025, 0, '2303363');
INSERT INTO annual_leave (LEAVE_ID, PERIOD_END, PERIOD_START, REASON, REMAIN_DAYS, TOTAL_DAYS, UPDATED_DATE, UPDATED_USER, USE_YEAR, USED_DAYS, EMP_ID) VALUES (51, TO_DATE('25/12/31','RR/MM/DD'), TO_DATE('25/01/01','RR/MM/DD'), NULL, 15, 15, NULL, NULL, 2025, 0, '2303184');
INSERT INTO annual_leave (LEAVE_ID, PERIOD_END, PERIOD_START, REASON, REMAIN_DAYS, TOTAL_DAYS, UPDATED_DATE, UPDATED_USER, USE_YEAR, USED_DAYS, EMP_ID) VALUES (19, TO_DATE('25/12/31','RR/MM/DD'), TO_DATE('25/01/01','RR/MM/DD'), NULL, 16, 16, NULL, NULL, 2025, 0, '2110664');
INSERT INTO annual_leave (LEAVE_ID, PERIOD_END, PERIOD_START, REASON, REMAIN_DAYS, TOTAL_DAYS, UPDATED_DATE, UPDATED_USER, USE_YEAR, USED_DAYS, EMP_ID) VALUES (20, TO_DATE('25/12/31','RR/MM/DD'), TO_DATE('25/01/01','RR/MM/DD'), NULL, 16, 16, NULL, NULL, 2025, 0, '2109967');
INSERT INTO annual_leave (LEAVE_ID, PERIOD_END, PERIOD_START, REASON, REMAIN_DAYS, TOTAL_DAYS, UPDATED_DATE, UPDATED_USER, USE_YEAR, USED_DAYS, EMP_ID) VALUES (21, TO_DATE('25/12/31','RR/MM/DD'), TO_DATE('25/01/01','RR/MM/DD'), NULL, 16, 16, NULL, NULL, 2025, 0, '2109869');
INSERT INTO annual_leave (LEAVE_ID, PERIOD_END, PERIOD_START, REASON, REMAIN_DAYS, TOTAL_DAYS, UPDATED_DATE, UPDATED_USER, USE_YEAR, USED_DAYS, EMP_ID) VALUES (22, TO_DATE('25/12/31','RR/MM/DD'), TO_DATE('25/01/01','RR/MM/DD'), NULL, 16, 16, NULL, NULL, 2025, 0, '2107996');
INSERT INTO annual_leave (LEAVE_ID, PERIOD_END, PERIOD_START, REASON, REMAIN_DAYS, TOTAL_DAYS, UPDATED_DATE, UPDATED_USER, USE_YEAR, USED_DAYS, EMP_ID) VALUES (52, TO_DATE('25/12/31','RR/MM/DD'), TO_DATE('25/01/01','RR/MM/DD'), NULL, 16, 16, NULL, NULL, 2025, 0, '2104502');
INSERT INTO annual_leave (LEAVE_ID, PERIOD_END, PERIOD_START, REASON, REMAIN_DAYS, TOTAL_DAYS, UPDATED_DATE, UPDATED_USER, USE_YEAR, USED_DAYS, EMP_ID) VALUES (23, TO_DATE('25/12/31','RR/MM/DD'), TO_DATE('25/01/01','RR/MM/DD'), NULL, 16, 16, NULL, NULL, 2025, 0, '2103347');
INSERT INTO annual_leave (LEAVE_ID, PERIOD_END, PERIOD_START, REASON, REMAIN_DAYS, TOTAL_DAYS, UPDATED_DATE, UPDATED_USER, USE_YEAR, USED_DAYS, EMP_ID) VALUES (25, TO_DATE('25/12/31','RR/MM/DD'), TO_DATE('25/01/01','RR/MM/DD'), NULL, 17, 17, NULL, NULL, 2025, 0, '2011710');
INSERT INTO annual_leave (LEAVE_ID, PERIOD_END, PERIOD_START, REASON, REMAIN_DAYS, TOTAL_DAYS, UPDATED_DATE, UPDATED_USER, USE_YEAR, USED_DAYS, EMP_ID) VALUES (26, TO_DATE('25/12/31','RR/MM/DD'), TO_DATE('25/01/01','RR/MM/DD'), NULL, 17, 17, TO_TIMESTAMP('25/11/23 08:48:34.689260000','RR/MM/DD HH24:MI:SS.FF'), '2511793', 2025, 0, '2004459');
INSERT INTO annual_leave (LEAVE_ID, PERIOD_END, PERIOD_START, REASON, REMAIN_DAYS, TOTAL_DAYS, UPDATED_DATE, UPDATED_USER, USE_YEAR, USED_DAYS, EMP_ID) VALUES (53, TO_DATE('25/12/31','RR/MM/DD'), TO_DATE('25/01/01','RR/MM/DD'), '증가테스트', 12.5, 17, TO_TIMESTAMP('25/11/23 08:46:27 282926000','RR/MM/DD HH24:MI:SS.FF'), '2511793', 2025, 4.5, '2001752');
INSERT INTO annual_leave (LEAVE_ID, PERIOD_END, PERIOD_START, REASON, REMAIN_DAYS, TOTAL_DAYS, UPDATED_DATE, UPDATED_USER, USE_YEAR, USED_DAYS, EMP_ID) VALUES (27, TO_DATE('25/12/31','RR/MM/DD'), TO_DATE('25/01/01','RR/MM/DD'), NULL, 17, 17, NULL, NULL, 2025, 0, '1908631');
INSERT INTO annual_leave (LEAVE_ID, PERIOD_END, PERIOD_START, REASON, REMAIN_DAYS, TOTAL_DAYS, UPDATED_DATE, UPDATED_USER, USE_YEAR, USED_DAYS, EMP_ID) VALUES (28, TO_DATE('25/12/31','RR/MM/DD'), TO_DATE('25/01/01','RR/MM/DD'), NULL, 17, 17, NULL, NULL, 2025, 0, '1907475');
INSERT INTO annual_leave (LEAVE_ID, PERIOD_END, PERIOD_START, REASON, REMAIN_DAYS, TOTAL_DAYS, UPDATED_DATE, UPDATED_USER, USE_YEAR, USED_DAYS, EMP_ID) VALUES (29, TO_DATE('25/12/31','RR/MM/DD'), TO_DATE('25/01/01','RR/MM/DD'), NULL, 17, 17, NULL, NULL, 2025, 0, '1906734');
INSERT INTO annual_leave (LEAVE_ID, PERIOD_END, PERIOD_START, REASON, REMAIN_DAYS, TOTAL_DAYS, UPDATED_DATE, UPDATED_USER, USE_YEAR, USED_DAYS, EMP_ID) VALUES (31, TO_DATE('25/12/31','RR/MM/DD'), TO_DATE('25/01/01','RR/MM/DD'), NULL, 18, 18, NULL, NULL, 2025, 0, '1807375');
INSERT INTO annual_leave (LEAVE_ID, PERIOD_END, PERIOD_START, REASON, REMAIN_DAYS, TOTAL_DAYS, UPDATED_DATE, UPDATED_USER, USE_YEAR, USED_DAYS, EMP_ID) VALUES (54, TO_DATE('25/12/31','RR/MM/DD'), TO_DATE('25/01/01','RR/MM/DD'), NULL, 18, 18, NULL, NULL, 2025, 0, '1804830');
INSERT INTO annual_leave (LEAVE_ID, PERIOD_END, PERIOD_START, REASON, REMAIN_DAYS, TOTAL_DAYS, UPDATED_DATE, UPDATED_USER, USE_YEAR, USED_DAYS, EMP_ID) VALUES (32, TO_DATE('25/12/31','RR/MM/DD'), TO_DATE('25/01/01','RR/MM/DD'),NULL, 17, 18, NULL, NULL, 2025, 1, '1707923');
INSERT INTO annual_leave (LEAVE_ID, PERIOD_END, PERIOD_START, REASON, REMAIN_DAYS, TOTAL_DAYS, UPDATED_DATE, UPDATED_USER, USE_YEAR, USED_DAYS, EMP_ID) VALUES (33, TO_DATE('25/12/31','RR/MM/DD'), TO_DATE('25/01/01','RR/MM/DD'), NULL, 18, 18, NULL, NULL, 2025, 0, '1707705');
INSERT INTO annual_leave (LEAVE_ID, PERIOD_END, PERIOD_START, REASON, REMAIN_DAYS, TOTAL_DAYS, UPDATED_DATE, UPDATED_USER, USE_YEAR, USED_DAYS, EMP_ID) VALUES (34, TO_DATE('25/12/31','RR/MM/DD'), TO_DATE('25/01/01','RR/MM/DD'), NULL, 18, 18, NULL, NULL, 2025, 0, '1706721');
INSERT INTO annual_leave (LEAVE_ID, PERIOD_END, PERIOD_START, REASON, REMAIN_DAYS, TOTAL_DAYS, UPDATED_DATE, UPDATED_USER, USE_YEAR, USED_DAYS, EMP_ID) VALUES (35, TO_DATE('25/12/31','RR/MM/DD'), TO_DATE('25/01/01','RR/MM/DD'), NULL, 18, 18, NULL, NULL, 2025, 0, '1705725');
INSERT INTO annual_leave (LEAVE_ID, PERIOD_END, PERIOD_START, REASON, REMAIN_DAYS, TOTAL_DAYS, UPDATED_DATE, UPDATED_USER, USE_YEAR, USED_DAYS, EMP_ID) VALUES (36, TO_DATE('25/12/31','RR/MM/DD'), TO_DATE('25/01/01','RR/MM/DD'), NULL, 18, 18, NULL, NULL, 2025, 0, '1702994');
INSERT INTO annual_leave (LEAVE_ID, PERIOD_END, PERIOD_START, REASON, REMAIN_DAYS, TOTAL_DAYS, UPDATED_DATE, UPDATED_USER, USE_YEAR, USED_DAYS, EMP_ID) VALUES (37, TO_DATE('25/12/31','RR/MM/DD'), TO_DATE('25/01/01','RR/MM/DD'), NULL, 19, 19, NULL, NULL, 2025, 0, '1610136');
INSERT INTO annual_leave (LEAVE_ID, PERIOD_END, PERIOD_START, REASON, REMAIN_DAYS, TOTAL_DAYS, UPDATED_DATE, UPDATED_USER, USE_YEAR, USED_DAYS, EMP_ID) VALUES (38, TO_DATE('25/12/31','RR/MM/DD'), TO_DATE('25/01/01','RR/MM/DD'), NULL, 19, 19, NULL, NULL, 2025, 0, '1508863');
INSERT INTO annual_leave (LEAVE_ID, PERIOD_END, PERIOD_START, REASON, REMAIN_DAYS, TOTAL_DAYS, UPDATED_DATE, UPDATED_USER, USE_YEAR, USED_DAYS, EMP_ID) VALUES (55, TO_DATE('25/12/31','RR/MM/DD'), TO_DATE('25/01/01','RR/MM/DD'), NULL, 19, 19, NULL, NULL, 2025, 0, '1509290');
INSERT INTO annual_leave (LEAVE_ID, PERIOD_END, PERIOD_START, REASON, REMAIN_DAYS, TOTAL_DAYS, UPDATED_DATE, UPDATED_USER, USE_YEAR, USED_DAYS, EMP_ID) VALUES (39, TO_DATE('25/12/31','RR/MM/DD'), TO_DATE('25/01/01','RR/MM/DD'), NULL, 19, 19, NULL, NULL, 2025, 0, '1506104');
INSERT INTO annual_leave (LEAVE_ID, PERIOD_END, PERIOD_START, REASON, REMAIN_DAYS, TOTAL_DAYS, UPDATED_DATE, UPDATED_USER, USE_YEAR, USED_DAYS, EMP_ID) VALUES (40, TO_DATE('25/12/31','RR/MM/DD'), TO_DATE('25/01/01','RR/MM/DD'), NULL, 19, 19, NULL, NULL, 2025, 0, '1501716');
INSERT INTO annual_leave (LEAVE_ID, PERIOD_END, PERIOD_START, REASON, REMAIN_DAYS, TOTAL_DAYS, UPDATED_DATE, UPDATED_USER, USE_YEAR, USED_DAYS, EMP_ID) VALUES (41, TO_DATE('25/12/31','RR/MM/DD'), TO_DATE('25/01/01','RR/MM/DD'), NULL, 19, 19, NULL, NULL, 2025, 0, '1412699');
INSERT INTO annual_leave (LEAVE_ID, PERIOD_END, PERIOD_START, REASON, REMAIN_DAYS, TOTAL_DAYS, UPDATED_DATE, UPDATED_USER, USE_YEAR, USED_DAYS, EMP_ID) VALUES (42, TO_DATE('25/12/31','RR/MM/DD'), TO_DATE('25/01/01','RR/MM/DD'), NULL, 20, 20, NULL, NULL, 2025, 0, '1404285');
INSERT INTO annual_leave (LEAVE_ID, PERIOD_END, PERIOD_START, REASON, REMAIN_DAYS, TOTAL_DAYS, UPDATED_DATE, UPDATED_USER, USE_YEAR, USED_DAYS, EMP_ID) VALUES (43, TO_DATE('25/12/31','RR/MM/DD'), TO_DATE('25/01/01','RR/MM/DD'), 'qusrud', 20, 27, TO_TIMESTAMP('25/11/24 05:42:21.415839000','RR/MM/DD HH24:MI:SS.FF'), '2511793', 2025, 0, '1401244');
INSERT INTO annual_leave (LEAVE_ID, PERIOD_END, PERIOD_START, REASON, REMAIN_DAYS, TOTAL_DAYS, UPDATED_DATE, UPDATED_USER, USE_YEAR, USED_DAYS, EMP_ID) VALUES (44, TO_DATE('25/12/31','RR/MM/DD'), TO_DATE('25/01/01','RR/MM/DD'), NULL, 20, 20, NULL, NULL, 2025, 0, '1306178');
INSERT INTO annual_leave (LEAVE_ID, PERIOD_END, PERIOD_START, REASON, REMAIN_DAYS, TOTAL_DAYS, UPDATED_DATE, UPDATED_USER, USE_YEAR, USED_DAYS, EMP_ID) VALUES (45, TO_DATE('25/12/31','RR/MM/DD'), TO_DATE('25/01/01','RR/MM/DD'), 'test', 20, 20, TO_TIMESTAMP('25/11/24 09:33:10.217931000','RR/MM/DD HH24:MI:SS.FF'), '2511793', 2025, 0, '1302617');
INSERT INTO annual_leave (LEAVE_ID, PERIOD_END, PERIOD_START, REASON, REMAIN_DAYS, TOTAL_DAYS, UPDATED_DATE, UPDATED_USER, USE_YEAR, USED_DAYS, EMP_ID) VALUES (46, TO_DATE('25/12/31','RR/MM/DD'), TO_DATE('25/01/01','RR/MM/DD'), '테스트', 20, 22, TO_TIMESTAMP('25/11/24 05:39:54.494329000','RR/MM/DD HH24:MI:SS.FF'), '2511793', 2025, 0, '1301823');
INSERT INTO annual_leave (LEAVE_ID, PERIOD_END, PERIOD_START, REASON, REMAIN_DAYS, TOTAL_DAYS, UPDATED_DATE, UPDATED_USER, USE_YEAR, USED_DAYS, EMP_ID) VALUES (47, TO_DATE('25/12/31','RR/MM/DD'), TO_DATE('25/01/01','RR/MM/DD'), NULL, 20, 20, NULL, NULL, 2025, 0, '1212618');
INSERT INTO annual_leave (LEAVE_ID, PERIOD_END, PERIOD_START, REASON, REMAIN_DAYS, TOTAL_DAYS, UPDATED_DATE, UPDATED_USER, USE_YEAR, USED_DAYS, EMP_ID) VALUES (48, TO_DATE('25/12/31','RR/MM/DD'), TO_DATE('25/01/01','RR/MM/DD'), NULL, 21, 21, NULL, NULL, 2025, 0, '1210571');
INSERT INTO annual_leave (LEAVE_ID, PERIOD_END, PERIOD_START, REASON, REMAIN_DAYS, TOTAL_DAYS, UPDATED_DATE, UPDATED_USER, USE_YEAR, USED_DAYS, EMP_ID) VALUES (49, TO_DATE('25/12/31','RR/MM/DD'), TO_DATE('25/01/01','RR/MM/DD'), NULL, 21, 21, NULL, NULL, 2025, 0, '1209349');
INSERT INTO annual_leave (LEAVE_ID, PERIOD_END, PERIOD_START, REASON, REMAIN_DAYS, TOTAL_DAYS, UPDATED_DATE, UPDATED_USER, USE_YEAR, USED_DAYS, EMP_ID) VALUES (64, TO_DATE('26/02/18','RR/MM/DD'), TO_DATE('25/02/18','RR/MM/DD'), NULL, 15, 15, NULL, NULL, 2025, 0, '2402879');
INSERT INTO annual_leave (LEAVE_ID, PERIOD_END, PERIOD_START, REASON, REMAIN_DAYS, TOTAL_DAYS, UPDATED_DATE, UPDATED_USER, USE_YEAR, USED_DAYS, EMP_ID) VALUES (65, TO_DATE('26/04/28','RR/MM/DD'), TO_DATE('25/04/28','RR/MM/DD'), NULL, 20, 20, NULL, NULL, 2025, 0, '1904184');

-- 연차 및 근태 공통코드
INSERT INTO COMMON_CODE (CODE_ID, CODE_DESC, CODE_NAME, CODE_SEQ, CREATED_DATE, CREATED_USER, LEVEL_NO, SYS_TYPE, UPDATED_DATE, UPDATED_USER, USE_YN, PARENT_CODE_ID) 
VALUES ('ANNUAL_BASIS', '연차 산정 기준 구분 그룹', '연차 기준', SYSDATE , 'SYSTEM', 1, 'COMMON', NULL, NULL, 'Y', NULL);

INSERT INTO COMMON_CODE (CODE_SEQ, LEVEL_NO, USE_YN, CREATED_USER, UPDATED_USER, CREATED_DATE, UPDATED_DATE, SYS_TYPE, CODE_ID, PARENT_CODE_ID, CODE_DESC, CODE_NAME)
VALUES (1, 2, 'Y', 'SYSTEM', NULL, TO_TIMESTAMP('25/11/12 13:49:29.000000000','RR/MM/DD HH24:MI:SS.FF'), NULL, 'COMMON', 'FY', 'ANNUAL_BASIS', '회계연도를 기준으로 연차를 산정', '회계연도 기준');

INSERT INTO COMMON_CODE (CODE_SEQ, LEVEL_NO, USE_YN, CREATED_USER, UPDATED_USER, CREATED_DATE, UPDATED_DATE, SYS_TYPE, CODE_ID, PARENT_CODE_ID, CODE_DESC, CODE_NAME)
VALUES (2, 2, 'Y', 'SYSTEM', NULL, TO_TIMESTAMP('25/11/12 13:49:40.000000000','RR/MM/DD HH24:MI:SS.FF'), NULL, 'COMMON', 'JOIN', 'ANNUAL_BASIS', '입사일을 기준으로 연차를 산정', '입사일 기준');

INSERT INTO COMMON_CODE (CODE_SEQ, LEVEL_NO, USE_YN, CREATED_USER, UPDATED_USER, CREATED_DATE, UPDATED_DATE, SYS_TYPE, CODE_ID, PARENT_CODE_ID, CODE_DESC, CODE_NAME)
VALUES (1, 1, 'Y', 'SYSTEM', NULL, TO_TIMESTAMP('25/11/14 15:29:39.000000000','RR/MM/DD HH24:MI:SS.FF'), NULL, 'COMMON', 'LEAVE_TYPE', NULL, '연차 / 반차 / 병가 등 휴가 종류 관리', '휴가 유형 그룹');

INSERT INTO COMMON_CODE (CODE_SEQ, LEVEL_NO, USE_YN, CREATED_USER, UPDATED_USER, CREATED_DATE, UPDATED_DATE, SYS_TYPE, CODE_ID, PARENT_CODE_ID, CODE_DESC, CODE_NAME)
VALUES (1, 2, 'Y', 'SYSTEM', NULL, TO_TIMESTAMP('25/11/14 15:30:03.000000000','RR/MM/DD HH24:MI:SS.FF'), NULL, 'COMMON', 'ANNUAL', 'LEAVE_TYPE', '연차 휴가', '연차');

INSERT INTO COMMON_CODE (CODE_SEQ, LEVEL_NO, USE_YN, CREATED_USER, UPDATED_USER, CREATED_DATE, UPDATED_DATE, SYS_TYPE, CODE_ID, PARENT_CODE_ID, CODE_DESC, CODE_NAME)
VALUES (2, 2, 'Y', 'SYSTEM', NULL, TO_TIMESTAMP('25/11/14 15:30:09.000000000','RR/MM/DD HH24:MI:SS.FF'), NULL, 'COMMON', 'HALF', 'LEAVE_TYPE', '반차 휴가', '반차');

INSERT INTO COMMON_CODE (CODE_SEQ, LEVEL_NO, USE_YN, CREATED_USER, UPDATED_USER, CREATED_DATE, UPDATED_DATE, SYS_TYPE, CODE_ID, PARENT_CODE_ID, CODE_DESC, CODE_NAME)
VALUES (3, 2, 'Y', 'SYSTEM', NULL, TO_TIMESTAMP('25/11/14 15:30:15.000000000','RR/MM/DD HH24:MI:SS.FF'), NULL, 'COMMON', 'SICK', 'LEAVE_TYPE', '병가 휴가', '병가');


-- 최고관리자 저장
INSERT INTO EMP (
    EMP_ID, EMP_PWD, EMP_NAME, GENDER, RRN, MOBILE, EMAIL, POST_CODE, ADDRESS1, ADDRESS2,
    HIRE_DATE, STATUS, PHOTO_FILE_ID, CREATED_DATE, LAST_LOGIN, DEPT_ID, POS_CODE
) VALUES (
    '2511793',
    '$2a$10$aaWH8JptD7aMu/F9nd0O9etgU2HyywAbdbTt9DEPL80Nphl1ev2AW',
    '최고관리자',
    'M',
    '990123-1234865',
    '010-2222-3333',
    'admin@yeoun.com',
    '07591',
    '서울 강서구 강서로 374 (등촌동)',
    NULL,
    TO_DATE('2023-03-15', 'YYYY-MM-DD'),
    'ACTIVE',
    72,
    SYSTIMESTAMP,
    SYSTIMESTAMP,
    'DEP999',
    'POS007'
);

-- NOTICE 테이블 샘플 데이터 초기화
INSERT INTO NOTICE (NOTICE_ID, CREATED_DATE, CREATED_USER, NOTICE_CONTENT, NOTICE_TITLE, NOTICEYN, UPDATED_DATE, DELETEYN, UPDATED_USER) VALUES
(1, '2025-11-20 10:00:00', '2511793', '연말 정산 서류 제출 바랍니다.', '연말정산 안내', 'Y', '2025-11-21 08:20:00', 'N', '2511793');

INSERT INTO NOTICE (NOTICE_ID, CREATED_DATE, CREATED_USER, NOTICE_CONTENT, NOTICE_TITLE, NOTICEYN, UPDATED_DATE, DELETEYN, UPDATED_USER) VALUES
(2, '2025-11-22 09:30:00', '2511793', '11월 28일 서버 점검 예정입니다.', '서버 점검 공지', 'Y', NULL, 'N', NULL);

INSERT INTO NOTICE (NOTICE_ID, CREATED_DATE, CREATED_USER, NOTICE_CONTENT, NOTICE_TITLE, NOTICEYN, UPDATED_DATE, DELETEYN, UPDATED_USER) VALUES
(3, '2025-11-23 15:15:00', '2511793', '복리후생 신청 마감: 11월 30일', '복리후생 안내', 'Y', NULL, 'N', NULL);

INSERT INTO NOTICE (NOTICE_ID, CREATED_DATE, CREATED_USER, NOTICE_CONTENT, NOTICE_TITLE, NOTICEYN, UPDATED_DATE, DELETEYN, UPDATED_USER) VALUES
(4, '2025-11-01 09:20:00', '2511793', '사내 커피머신은 오후 5시 이후에는 사용을 삼가주시기 바랍니다.', '커피머신 사용 안내', 'N', NULL, 'N', NULL);

INSERT INTO NOTICE (NOTICE_ID, CREATED_DATE, CREATED_USER, NOTICE_CONTENT, NOTICE_TITLE, NOTICEYN, UPDATED_DATE, DELETEYN, UPDATED_USER) VALUES
(5, '2025-10-15 15:00:00', '2511793', '10월 27일부터 회의실 예약 시스템이 변경됩니다.', '회의실 예약 시스템 변경', 'N', NULL, 'N', NULL);

INSERT INTO NOTICE (NOTICE_ID, CREATED_DATE, CREATED_USER, NOTICE_CONTENT, NOTICE_TITLE, NOTICEYN, UPDATED_DATE, DELETEYN, UPDATED_USER) VALUES
(6, '2025-09-29 08:10:00', '2511793', '임직원용 건강검진 쿠폰이 지급되었습니다. 각자 확인 바랍니다.', '건강검진 쿠폰 지급 안내', 'N', NULL, 'N', NULL);

-- 근태 정책관리 데이터
INSERT INTO WORK_POLICY (POLICY_ID, ANNUAL_BASIS, CREATED_DATE, IN_TIME, LATE_LIMIT, LUNCH_IN, LUNCH_OUT, OUT_TIME, UPDATED_DATE)
VALUES (1, 'FY', TO_DATE('25/11/12','RR/MM/DD'), '09:00', 5, '12:00', '13:00', '18:00', TO_DATE('25/11/24','RR/MM/DD'));

-- 은행 공통코드
-- 루트 그룹
INSERT INTO COMMON_CODE (CODE_ID, PARENT_CODE_ID, CODE_NAME, CODE_SEQ, CODE_DESC, LEVEL_NO, USE_YN, SYS_TYPE, CREATED_USER, CREATED_DATE)
VALUES ('BANK', NULL, '은행', 1, '은행 코드 그룹', 1, 'Y', 'COMMON', 'SYSTEM', SYSDATE);
-- 주요 은행 10개
INSERT INTO COMMON_CODE (CODE_ID, PARENT_CODE_ID, CODE_NAME, CODE_SEQ, CODE_DESC, LEVEL_NO, USE_YN, SYS_TYPE, CREATED_USER, CREATED_DATE)
VALUES ('BANK_004', 'BANK', '국민은행', 1, '004', 2, 'Y', 'COMMON', 'SYSTEM', SYSDATE);
INSERT INTO COMMON_CODE (CODE_ID, PARENT_CODE_ID, CODE_NAME, CODE_SEQ, CODE_DESC, LEVEL_NO, USE_YN, SYS_TYPE, CREATED_USER, CREATED_DATE)
VALUES ('BANK_011', 'BANK', '농협은행', 2, '011', 2, 'Y', 'COMMON', 'SYSTEM', SYSDATE);
INSERT INTO COMMON_CODE (CODE_ID, PARENT_CODE_ID, CODE_NAME, CODE_SEQ, CODE_DESC, LEVEL_NO, USE_YN, SYS_TYPE, CREATED_USER, CREATED_DATE)
VALUES ('BANK_020', 'BANK', '우리은행', 3, '020', 2, 'Y', 'COMMON', 'SYSTEM', SYSDATE);
INSERT INTO COMMON_CODE (CODE_ID, PARENT_CODE_ID, CODE_NAME, CODE_SEQ, CODE_DESC, LEVEL_NO, USE_YN, SYS_TYPE, CREATED_USER, CREATED_DATE)
VALUES ('BANK_081', 'BANK', '하나은행', 4, '081', 2, 'Y', 'COMMON', 'SYSTEM', SYSDATE);
INSERT INTO COMMON_CODE (CODE_ID, PARENT_CODE_ID, CODE_NAME, CODE_SEQ, CODE_DESC, LEVEL_NO, USE_YN, SYS_TYPE, CREATED_USER, CREATED_DATE)
VALUES ('BANK_088', 'BANK', '신한은행', 5, '088', 2, 'Y', 'COMMON', 'SYSTEM', SYSDATE);
INSERT INTO COMMON_CODE (CODE_ID, PARENT_CODE_ID, CODE_NAME, CODE_SEQ, CODE_DESC, LEVEL_NO, USE_YN, SYS_TYPE, CREATED_USER, CREATED_DATE)
VALUES ('BANK_089', 'BANK', '케이뱅크', 6, '089', 2, 'Y', 'COMMON', 'SYSTEM', SYSDATE);
INSERT INTO COMMON_CODE (CODE_ID, PARENT_CODE_ID, CODE_NAME, CODE_SEQ, CODE_DESC, LEVEL_NO, USE_YN, SYS_TYPE, CREATED_USER, CREATED_DATE)
VALUES ('BANK_090', 'BANK', '카카오뱅크', 7, '090', 2, 'Y', 'COMMON', 'SYSTEM', SYSDATE);
INSERT INTO COMMON_CODE (CODE_ID, PARENT_CODE_ID, CODE_NAME, CODE_SEQ, CODE_DESC, LEVEL_NO, USE_YN, SYS_TYPE, CREATED_USER, CREATED_DATE)
VALUES ('BANK_092', 'BANK', '토스뱅크', 8, '092', 2, 'Y', 'COMMON', 'SYSTEM', SYSDATE);
INSERT INTO COMMON_CODE (CODE_ID, PARENT_CODE_ID, CODE_NAME, CODE_SEQ, CODE_DESC, LEVEL_NO, USE_YN, SYS_TYPE, CREATED_USER, CREATED_DATE)
VALUES ('BANK_003', 'BANK', '기업은행', 9, '003', 2, 'Y', 'COMMON', 'SYSTEM', SYSDATE);
INSERT INTO COMMON_CODE (CODE_ID, PARENT_CODE_ID, CODE_NAME, CODE_SEQ, CODE_DESC, LEVEL_NO, USE_YN, SYS_TYPE, CREATED_USER, CREATED_DATE)
VALUES ('BANK_007', 'BANK', '수협은행', 10, '007', 2, 'Y', 'COMMON', 'SYSTEM', SYSDATE);

-- 재직 상태 공통코드
-- 재직 상태
INSERT INTO COMMON_CODE (CODE_ID, CODE_DESC, CODE_NAME, CODE_SEQ, CREATED_DATE, CREATED_USER, LEVEL_NO, SYS_TYPE, USE_YN, PARENT_CODE_ID) 
VALUES ('EMP_STATUS','사원 재직 상태 그룹','사원 재직 상태',1,SYSDATE,'SYSTEM',1,'COMMON','Y',NULL);

INSERT INTO COMMON_CODE (CODE_ID,CODE_DESC,CODE_NAME,CODE_SEQ,CREATED_DATE,CREATED_USER,LEVEL_NO,SYS_TYPE,USE_YN,PARENT_CODE_ID) 
VALUES ('ACTIVE','정상 근무 상태','재직',1,SYSDATE,'SYSTEM',2,'COMMON','Y','EMP_STATUS');
INSERT INTO COMMON_CODE (CODE_ID,CODE_DESC,CODE_NAME,CODE_SEQ,CREATED_DATE,CREATED_USER,LEVEL_NO,SYS_TYPE,USE_YN,PARENT_CODE_ID) 
VALUES ('LEAVE','일시적 휴직 상태','휴직',2,SYSDATE,'SYSTEM',2,'COMMON','Y','EMP_STATUS');
INSERT INTO COMMON_CODE (CODE_ID,CODE_DESC,CODE_NAME,CODE_SEQ,CREATED_DATE,CREATED_USER,LEVEL_NO,SYS_TYPE,USE_YN,PARENT_CODE_ID) 
VALUES ('RETIRE','퇴직 상태','퇴직',3,SYSDATE,'SYSTEM',2,'COMMON','Y','EMP_STATUS');

-- 인사 발령 공통코드
-- 인사 발령 구분
INSERT INTO COMMON_CODE (CODE_ID, CODE_DESC, CODE_NAME, CODE_SEQ, CREATED_DATE, CREATED_USER, LEVEL_NO, SYS_TYPE, USE_YN, PARENT_CODE_ID)
VALUES ('HR_ACTION_TYPE', '인사 발령 구분 그룹', '인사 발령 구분', 1, SYSDATE, 'SYSTEM', 1, 'COMMON', 'Y', NULL);

INSERT INTO COMMON_CODE (CODE_ID, CODE_DESC, CODE_NAME, CODE_SEQ, CREATED_DATE, CREATED_USER, LEVEL_NO, SYS_TYPE, USE_YN, PARENT_CODE_ID)
VALUES ('PROMOTION', '인사 발령 구분 코드', '승진', 1, SYSDATE, 'SYSTEM', 2, 'COMMON', 'Y', 'HR_ACTION_TYPE');
INSERT INTO COMMON_CODE (CODE_ID, CODE_DESC, CODE_NAME, CODE_SEQ, CREATED_DATE, CREATED_USER, LEVEL_NO, SYS_TYPE, USE_YN, PARENT_CODE_ID)
VALUES ('TRANSFER', '인사 발령 구분 코드', '전보', 2, SYSDATE, 'SYSTEM', 2, 'COMMON', 'Y', 'HR_ACTION_TYPE');
INSERT INTO COMMON_CODE (CODE_ID, CODE_DESC, CODE_NAME, CODE_SEQ, CREATED_DATE, CREATED_USER, LEVEL_NO, SYS_TYPE, USE_YN, PARENT_CODE_ID)
VALUES ('RETIRE_ACT', '인사 발령 구분 코드', '퇴직', 3, SYSDATE, 'SYSTEM', 2, 'COMMON', 'Y', 'HR_ACTION_TYPE');
INSERT INTO COMMON_CODE (CODE_ID, CODE_DESC, CODE_NAME, CODE_SEQ, CREATED_DATE, CREATED_USER, LEVEL_NO, SYS_TYPE, USE_YN, PARENT_CODE_ID)
VALUES ('LEAVE_ACT', '인사 발령 구분 코드', '휴직', 4, SYSDATE, 'SYSTEM', 2, 'COMMON', 'Y', 'HR_ACTION_TYPE');
INSERT INTO COMMON_CODE (CODE_ID, CODE_DESC, CODE_NAME, CODE_SEQ, CREATED_DATE, CREATED_USER, LEVEL_NO, SYS_TYPE, USE_YN, PARENT_CODE_ID)
VALUES ('RETURN_ACT', '인사 발령 구분 코드', '복직', 5, SYSDATE, 'SYSTEM', 2, 'COMMON', 'Y', 'HR_ACTION_TYPE');


--급여항목 테이블 샘플 데이터
INSERT INTO PAY_ITEM_MST 
(SORT_NO, CALC_METHOD, ITEM_CODE, ITEM_GROUP, ITEM_TYPE, ITEM_NAME, REMARK, TAXABLE, USE_YN)
VALUES (3, 'FIXED', 'TRANS', 'ALLOWANCE', 'EARNING', '교통비', '출퇴근 교통비 지원', 'Y', 'Y');

INSERT INTO PAY_ITEM_MST 
(SORT_NO, CALC_METHOD, ITEM_CODE, ITEM_GROUP, ITEM_TYPE, ITEM_NAME, REMARK, TAXABLE, USE_YN)
VALUES (1, 'FIXED', 'BASE', 'ALLOWANCE', 'EARNING', '기본급', '기본 계약금 기준', 'Y', 'Y');

INSERT INTO PAY_ITEM_MST 
(SORT_NO, CALC_METHOD, ITEM_CODE, ITEM_GROUP, ITEM_TYPE, ITEM_NAME, REMARK, TAXABLE, USE_YN)
VALUES (2, 'FIXED', 'MEAL', 'ALLOWANCE', 'EARNING', '식대', '정액 지급 식대', 'Y', 'Y');

INSERT INTO PAY_ITEM_MST 
(SORT_NO, CALC_METHOD, ITEM_CODE, ITEM_GROUP, ITEM_TYPE, ITEM_NAME, REMARK, TAXABLE, USE_YN)
VALUES (10, 'FIXED', 'PENSION', 'ALLOWANCE', 'EARNING', '국민연금', '국민연금 사용자 부담', 'N', 'Y');

INSERT INTO PAY_ITEM_MST 
(SORT_NO, CALC_METHOD, ITEM_CODE, ITEM_GROUP, ITEM_TYPE, ITEM_NAME, REMARK, TAXABLE, USE_YN)
VALUES (11, 'FIXED', 'HEALTH', 'ALLOWANCE', 'EARNING', '건강보험', '건강보험 사용자 부담', 'N', 'Y');

INSERT INTO PAY_ITEM_MST 
(SORT_NO, CALC_METHOD, ITEM_CODE, ITEM_GROUP, ITEM_TYPE, ITEM_NAME, REMARK, TAXABLE, USE_YN)
VALUES (12, 'FIXED', 'EMPLOY', 'ALLOWANCE', 'EARNING', '고용보험', '고용보험 사용자 부담', 'N', 'Y');

INSERT INTO PAY_ITEM_MST 
(SORT_NO, CALC_METHOD, ITEM_CODE, ITEM_GROUP, ITEM_TYPE, ITEM_NAME, REMARK, TAXABLE, USE_YN)
VALUES (13, 'FIXED', 'INCOME_TAX', 'ALLOWANCE', 'EARNING', '소득세', '근로자 월 소득세', 'N', 'Y');

INSERT INTO PAY_ITEM_MST 
(SORT_NO, CALC_METHOD, ITEM_CODE, ITEM_GROUP, ITEM_TYPE, ITEM_NAME, REMARK, TAXABLE, USE_YN)
VALUES (4, 'FIXED', 'INCENTIVE', 'ALLOWANCE', 'EARNING', '인센티브', '직급 수당', 'Y', 'Y');

INSERT INTO PAY_ITEM_MST 
(SORT_NO, CALC_METHOD, ITEM_CODE, ITEM_GROUP, ITEM_TYPE, ITEM_NAME, REMARK, TAXABLE, USE_YN)
VALUES (5, 'FIXED', 'BONUS', 'ALLOWANCE', 'EARNING', '상여금', '회사 지급 상여금', 'N', 'Y');

INSERT INTO PAY_ITEM_MST 
(SORT_NO, CALC_METHOD, ITEM_CODE, ITEM_GROUP, ITEM_TYPE, ITEM_NAME, REMARK, TAXABLE, USE_YN)
VALUES (6, 'FIXED', 'ANNUAL_PAY', 'ALLOWANCE', 'EARNING', '연차수당', '미사용 연차 보상수당', 'Y', 'Y');

INSERT INTO PAY_ITEM_MST 
(SORT_NO, CALC_METHOD, ITEM_CODE, ITEM_GROUP, ITEM_TYPE, ITEM_NAME, REMARK, TAXABLE, USE_YN)
VALUES (7, 'FIXED', 'LONGSERV', 'ALLOWANCE', 'EARNING', '근속수당', '근속연수에 따른 수당', 'Y', 'Y');


------------------------------------------------------------
-- RULE_ID = 20 (근속수당 계산)
------------------------------------------------------------
INSERT INTO PAY_CALC_RULE 
(PRIORITY, END_DATE, START_DATE, VALUE_NUM, RULE_ID, RULE_TYPE, TARGET_TYPE, STATUS, ITEM_CODE, TARGET_CODE, CALC_FORMULA, REMARK)
VALUES (200, NULL, DATE '2025-11-19', 0.02, 20, 'RATE', 'ALL', 'ACTIVE', 'LONGSERV', NULL,
        'BASE_AMT * rate * YEAR_DIFF',
        NULL);

------------------------------------------------------------
-- RULE_ID = 13 (연차수당 계산 공식)
------------------------------------------------------------
INSERT INTO PAY_CALC_RULE 
(PRIORITY, END_DATE, START_DATE, VALUE_NUM, RULE_ID, RULE_TYPE, TARGET_TYPE, STATUS, ITEM_CODE, TARGET_CODE, CALC_FORMULA, REMARK)
VALUES (300, NULL, DATE '2025-11-11', NULL, 13, 'FORMULA', 'ALL', 'ACTIVE', 'ANNUAL_PAY', NULL,
        '(BASE_AMT + INC_AMT) / 209 * remain_days',
        NULL);

------------------------------------------------------------
-- RULE_ID = 12 (대리 직급 인센티브)
------------------------------------------------------------
INSERT INTO PAY_CALC_RULE 
(PRIORITY, END_DATE, START_DATE, VALUE_NUM, RULE_ID, RULE_TYPE, TARGET_TYPE, STATUS, ITEM_CODE, TARGET_CODE, CALC_FORMULA, REMARK)
VALUES (102, NULL, DATE '2025-01-01', 0.03, 12, 'RATE', 'GRADE', 'ACTIVE', 'INCENTIVE', 'POS002',
        'BASE_AMT * rate',
        '직급이 "대리"인 사원의 직급수당 계산규칙');

------------------------------------------------------------
-- RULE_ID = 14 (사장 직급 인센티브)
------------------------------------------------------------
INSERT INTO PAY_CALC_RULE 
(PRIORITY, END_DATE, START_DATE, VALUE_NUM, RULE_ID, RULE_TYPE, TARGET_TYPE, STATUS, ITEM_CODE, TARGET_CODE, CALC_FORMULA, REMARK)
VALUES (107, NULL, DATE '2025-01-01', 0.22, 14, 'RATE', 'GRADE', 'ACTIVE', 'INCENTIVE', 'POS007',
        'BASE_AMT * rate',
        '직급이 "사장"인 사원의 직급수당 계산규칙');

------------------------------------------------------------
-- RULE_ID = 16 (과장 인센티브)
------------------------------------------------------------
INSERT INTO PAY_CALC_RULE 
(PRIORITY, END_DATE, START_DATE, VALUE_NUM, RULE_ID, RULE_TYPE, TARGET_TYPE, STATUS, ITEM_CODE, TARGET_CODE, CALC_FORMULA, REMARK)
VALUES (103, NULL, DATE '2025-01-01', 0.07, 16, 'RATE', 'GRADE', 'ACTIVE', 'INCENTIVE', 'POS003',
        'BASE_AMT * rate',
        '직급이 "과장"인 사원의 직급수당 계산규칙');

------------------------------------------------------------
-- RULE_ID = 17 (차장 인센티브)
------------------------------------------------------------
INSERT INTO PAY_CALC_RULE 
(PRIORITY, END_DATE, START_DATE, VALUE_NUM, RULE_ID, RULE_TYPE, TARGET_TYPE, STATUS, ITEM_CODE, TARGET_CODE, CALC_FORMULA, REMARK)
VALUES (104, NULL, DATE '2025-01-01', 0.10, 17, 'RATE', 'GRADE', 'ACTIVE', 'INCENTIVE', 'POS004',
        'BASE_AMT * rate',
        '직급이 "차장"인 사원의 직급수당 계산규칙');

------------------------------------------------------------
-- RULE_ID = 18 (부장 인센티브)
------------------------------------------------------------
INSERT INTO PAY_CALC_RULE 
(PRIORITY, END_DATE, START_DATE, VALUE_NUM, RULE_ID, RULE_TYPE, TARGET_TYPE, STATUS, ITEM_CODE, TARGET_CODE, CALC_FORMULA, REMARK)
VALUES (105, NULL, DATE '2025-01-01', 0.13, 18, 'RATE', 'GRADE', 'ACTIVE', 'INCENTIVE', 'POS005',
        'BASE_AMT * rate',
        '직급이 "부장"인 사원의 직급수당 계산규칙');

------------------------------------------------------------
-- RULE_ID = 19 (이사 인센티브)
------------------------------------------------------------
INSERT INTO PAY_CALC_RULE 
(PRIORITY, END_DATE, START_DATE, VALUE_NUM, RULE_ID, RULE_TYPE, TARGET_TYPE, STATUS, ITEM_CODE, TARGET_CODE, CALC_FORMULA, REMARK)
VALUES (106, NULL, DATE '2025-01-01', 0.17, 19, 'RATE', 'GRADE', 'ACTIVE', 'INCENTIVE', 'POS006',
        'BASE_AMT * rate',
        '직급이 "이사"인 사원의 직급수당 계산규칙');

------------------------------------------------------------
-- RULE_ID = 23 (차장 직급 보너스)
------------------------------------------------------------
INSERT INTO PAY_CALC_RULE 
(PRIORITY, END_DATE, START_DATE, VALUE_NUM, RULE_ID, RULE_TYPE, TARGET_TYPE, STATUS, ITEM_CODE, TARGET_CODE, CALC_FORMULA, REMARK)
VALUES (500, NULL, DATE '2025-10-01', 15000, 23, 'AMT', 'GRADE', 'ACTIVE', 'BONUS', 'POS004',
        'value',
        '차장 직급 보너스');

------------------------------------------------------------
-- 급여 규칙 설정
------------------------------------------------------------

INSERT INTO PAY_RULE
(BASE_AMT, EMP_RATE, END_DATE, HLTH_RATE, MEAL_AMT, PAY_DAY, PEN_RATE, START_DATE, TAX_RATE, TRANS_AMT, CREATED_DATE, UPDATED_DATE, RULE_ID, STATUS, REMARK)
VALUES 
(2500000, 0.0001, DATE '2026-03-27', 0.0345, 200000, 25, 0.0006, DATE '2026-03-04', 0.06, 100000, SYSDATE, NULL, 102, 'ACTIVE', NULL);

INSERT INTO PAY_RULE
(BASE_AMT, EMP_RATE, END_DATE, HLTH_RATE, MEAL_AMT, PAY_DAY, PEN_RATE, START_DATE, TAX_RATE, TRANS_AMT, CREATED_DATE, UPDATED_DATE, RULE_ID, STATUS, REMARK)
VALUES
(2800000, 0.009, DATE '2026-02-01', 0.0345, 200000, 26, 0.045, DATE '2026-01-01', 0.06, 100000, SYSDATE, NULL, 3, 'ACTIVE', NULL);

INSERT INTO PAY_RULE
(BASE_AMT, EMP_RATE, END_DATE, HLTH_RATE, MEAL_AMT, PAY_DAY, PEN_RATE, START_DATE, TAX_RATE, TRANS_AMT, CREATED_DATE, UPDATED_DATE, RULE_ID, STATUS, REMARK)
VALUES
(2300000, 0.009, DATE '2025-09-30', 0.0345, 170000, 25, 0.045, DATE '2024-12-01', 0.06, 150000, SYSDATE, NULL, 100, 'ACTIVE', NULL);

INSERT INTO PAY_RULE
(BASE_AMT, EMP_RATE, END_DATE, HLTH_RATE, MEAL_AMT, PAY_DAY, PEN_RATE, START_DATE, TAX_RATE, TRANS_AMT, CREATED_DATE, UPDATED_DATE, RULE_ID, STATUS, REMARK)
VALUES
(2500000, 0.009, DATE '2025-11-30', 0.0345, 200000, 25, 0.045, DATE '2025-10-01', 0.006, 200000, SYSDATE, NULL, 1, 'ACTIVE', '세번째 테스트');

-- MSG_STATUS (메신저 프로필)
-- 0009236 김세종
INSERT INTO MSG_STATUS 
VALUES ('0009236','ONLINE',SYSDATE,'IN','WORKING',SYSDATE,'MANUAL','Y',SYSDATE,3,NULL);

-- 2506864 이순신
INSERT INTO MSG_STATUS 
VALUES ('2506864','AWAY',SYSDATE,'IN','FIELDWORK',SYSDATE,'MANUAL','Y',SYSDATE,1,NULL);

-- 2506589 이지현
INSERT INTO MSG_STATUS 
VALUES ('2506589','BUSY',SYSDATE,'IN','FOCUS',SYSDATE,'MANUAL','Y',SYSDATE,4,NULL);

-- 2505823 김구
INSERT INTO MSG_STATUS 
VALUES ('2505823','ONLINE',SYSDATE,'IN','WFH',SYSDATE,'MANUAL','Y',SYSDATE,2,NULL);

-- 2502310 윤봉길
INSERT INTO MSG_STATUS 
VALUES ('2502310','ONLINE',SYSDATE,'IN','WORKING',SYSDATE,'MANUAL','Y',SYSDATE,5,NULL);

-- 2412911 안중근
INSERT INTO MSG_STATUS 
VALUES ('2412911','BUSY',SYSDATE,'IN','MEETING',SYSDATE,'MANUAL','Y',SYSDATE,3,NULL);

-- 2410807 유관순
INSERT INTO MSG_STATUS 
VALUES ('2410807','AWAY',SYSDATE,'IN','LUNCH',SYSDATE,'MANUAL','N',SYSDATE,1,NULL);

-- 2407787 정약용
INSERT INTO MSG_STATUS 
VALUES ('2407787','ONLINE',SYSDATE,'IN','WORKING',SYSDATE,'MANUAL','Y',SYSDATE,4,NULL);

-- 2407628 허준
INSERT INTO MSG_STATUS 
VALUES ('2407628','BUSY',SYSDATE,'IN','CALL',SYSDATE,'MANUAL','Y',SYSDATE,2,NULL);

-- 2402879 이지환
INSERT INTO MSG_STATUS 
VALUES ('2402879','ONLINE',SYSDATE,'IN','WFH',SYSDATE,'MANUAL','Y',SYSDATE,5,NULL);

-- 2401300 손현준
INSERT INTO MSG_STATUS 
VALUES ('2401300','ONLINE',SYSDATE,'IN','WORKING',SYSDATE,'MANUAL','Y',SYSDATE,3,NULL);

-- 2308263 김유신
INSERT INTO MSG_STATUS 
VALUES ('2308263','AWAY',SYSDATE,'IN','OUTING',SYSDATE,'MANUAL','Y',SYSDATE,1,NULL);

-- 2303363 강감찬
INSERT INTO MSG_STATUS 
VALUES ('2303363','BUSY',SYSDATE,'IN','MEETING',SYSDATE,'MANUAL','Y',SYSDATE,5,NULL);

-- 2303184 이유정
INSERT INTO MSG_STATUS 
VALUES ('2303184','ONLINE',SYSDATE,'IN','WFH',SYSDATE,'MANUAL','Y',SYSDATE,4,NULL);

-- 2110664 정보라
INSERT INTO MSG_STATUS 
VALUES ('2110664','ONLINE',SYSDATE,'IN','WORKING',SYSDATE,'MANUAL','Y',SYSDATE,2,NULL);

-- 2109967 이병헌
INSERT INTO MSG_STATUS 
VALUES ('2109967','AWAY',SYSDATE,'IN','FIELDWORK',SYSDATE,'MANUAL','N',SYSDATE,1,NULL);

-- 2109869 손예진
INSERT INTO MSG_STATUS 
VALUES ('2109869','ONLINE',SYSDATE,'IN','WORKING',SYSDATE,'MANUAL','Y',SYSDATE,5,NULL);

-- 2107996 송강호
INSERT INTO MSG_STATUS 
VALUES ('2107996','BUSY',SYSDATE,'IN','FOCUS',SYSDATE,'MANUAL','Y',SYSDATE,3,NULL);

-- 2104502 전도연
INSERT INTO MSG_STATUS 
VALUES ('2104502','ONLINE',SYSDATE,'IN','WFH',SYSDATE,'MANUAL','Y',SYSDATE,4,NULL);

-- 2103347 김혜수
INSERT INTO MSG_STATUS 
VALUES ('2103347','AWAY',SYSDATE,'IN','LUNCH',SYSDATE,'MANUAL','Y',SYSDATE,2,NULL);

-- 2012978 한석규
INSERT INTO MSG_STATUS 
VALUES ('2012978','ONLINE',SYSDATE,'IN','WORKING',SYSDATE,'MANUAL','Y',SYSDATE,3,NULL);

-- 2011710 최민식
INSERT INTO MSG_STATUS 
VALUES ('2011710','BUSY',SYSDATE,'IN','CALL',SYSDATE,'MANUAL','Y',SYSDATE,4,NULL);

-- 2004459 정수빈
INSERT INTO MSG_STATUS 
VALUES ('2004459','ONLINE',SYSDATE,'IN','WFH',SYSDATE,'MANUAL','Y',SYSDATE,5,NULL);

-- 2001752 박경찬
INSERT INTO MSG_STATUS 
VALUES ('2001752','AWAY',SYSDATE,'IN','OUTING',SYSDATE,'MANUAL','Y',SYSDATE,2,NULL);

-- 1908631 한수지
INSERT INTO MSG_STATUS 
VALUES ('1908631','ONLINE',SYSDATE,'IN','WORKING',SYSDATE,'MANUAL','Y',SYSDATE,1,NULL);

-- 1907475 이지은
INSERT INTO MSG_STATUS 
VALUES ('1907475','BUSY',SYSDATE,'IN','MEETING',SYSDATE,'MANUAL','Y',SYSDATE,3,NULL);

-- 1906734 유재석
INSERT INTO MSG_STATUS 
VALUES ('1906734','ONLINE',SYSDATE,'IN','WFH',SYSDATE,'MANUAL','Y',SYSDATE,4,NULL);

-- 1904184 강호동
INSERT INTO MSG_STATUS 
VALUES ('1904184','AWAY',SYSDATE,'IN','LUNCH',SYSDATE,'MANUAL','N',SYSDATE,1,NULL);

-- 1807375 박명수
INSERT INTO MSG_STATUS 
VALUES ('1807375','ONLINE',SYSDATE,'IN','WORKING',SYSDATE,'MANUAL','Y',SYSDATE,5,NULL);

-- 1804830 정유정
INSERT INTO MSG_STATUS 
VALUES ('1804830','BUSY',SYSDATE,'IN','FOCUS',SYSDATE,'MANUAL','Y',SYSDATE,2,NULL);

-- 1707923 조인성
INSERT INTO MSG_STATUS 
VALUES ('1707923','ONLINE',SYSDATE,'IN','WORKING',SYSDATE,'MANUAL','Y',SYSDATE,3,NULL);

-- 1707705 한효주
INSERT INTO MSG_STATUS 
VALUES ('1707705','AWAY',SYSDATE,'IN','FIELDWORK',SYSDATE,'MANUAL','Y',SYSDATE,1,NULL);

-- 1706721 전지현
INSERT INTO MSG_STATUS 
VALUES ('1706721','ONLINE',SYSDATE,'IN','WFH',SYSDATE,'MANUAL','Y',SYSDATE,5,NULL);

-- 1705725 조승우
INSERT INTO MSG_STATUS 
VALUES ('1705725','BUSY',SYSDATE,'IN','CALL',SYSDATE,'MANUAL','Y',SYSDATE,4,NULL);

-- 1702994 유은희
INSERT INTO MSG_STATUS 
VALUES ('1702994','ONLINE',SYSDATE,'IN','WORKING',SYSDATE,'MANUAL','Y',SYSDATE,2,NULL);

-- 1610136 김고은
INSERT INTO MSG_STATUS 
VALUES ('1610136','BUSY',SYSDATE,'IN','MEETING',SYSDATE,'MANUAL','Y',SYSDATE,3,NULL);

-- 1509290 김태희
INSERT INTO MSG_STATUS 
VALUES ('1509290','ONLINE',SYSDATE,'IN','WFH',SYSDATE,'MANUAL','Y',SYSDATE,4,NULL);

-- 1508863 이영애
INSERT INTO MSG_STATUS 
VALUES ('1508863','AWAY',SYSDATE,'IN','OUTING',SYSDATE,'MANUAL','N',SYSDATE,1,NULL);

-- 1506104 이나연
INSERT INTO MSG_STATUS 
VALUES ('1506104','ONLINE',SYSDATE,'IN','WORKING',SYSDATE,'MANUAL','Y',SYSDATE,5,NULL);

-- 1501716 박승표
INSERT INTO MSG_STATUS 
VALUES ('1501716','BUSY',SYSDATE,'IN','FOCUS',SYSDATE,'MANUAL','Y',SYSDATE,2,NULL);

-- 1412699 김아름
INSERT INTO MSG_STATUS 
VALUES ('1412699','ONLINE',SYSDATE,'IN','WORKING',SYSDATE,'MANUAL','Y',SYSDATE,3,NULL);

-- 1404285 이민호
INSERT INTO MSG_STATUS 
VALUES ('1404285','BUSY',SYSDATE,'IN','FOCUS',SYSDATE,'MANUAL','Y',SYSDATE,4,NULL);

-- 1401244 김혜정
INSERT INTO MSG_STATUS 
VALUES ('1401244','AWAY',SYSDATE,'IN','LUNCH',SYSDATE,'MANUAL','Y',SYSDATE,1,NULL);

-- 1306178 차은우
INSERT INTO MSG_STATUS 
VALUES ('1306178','ONLINE',SYSDATE,'IN','WFH',SYSDATE,'MANUAL','Y',SYSDATE,5,NULL);

-- 1302617 손흥민
INSERT INTO MSG_STATUS 
VALUES ('1302617','ONLINE',SYSDATE,'IN','WORKING',SYSDATE,'MANUAL','Y',SYSDATE,2,NULL);

-- 1301823 김연아
INSERT INTO MSG_STATUS 
VALUES ('1301823','BUSY',SYSDATE,'IN','MEETING',SYSDATE,'MANUAL','Y',SYSDATE,4,NULL);

-- 1212618 박지성
INSERT INTO MSG_STATUS 
VALUES ('1212618','ONLINE',SYSDATE,'IN','WORKING',SYSDATE,'MANUAL','Y',SYSDATE,3,NULL);

-- 1210571 김유리
INSERT INTO MSG_STATUS 
VALUES ('1210571','AWAY',SYSDATE,'IN','OUTING',SYSDATE,'MANUAL','N',SYSDATE,1,NULL);

-- 1209349 김은혜
INSERT INTO MSG_STATUS 
VALUES ('1209349','ONLINE',SYSDATE,'IN','WFH',SYSDATE,'MANUAL','Y',SYSDATE,5,NULL);

-- 2511793 최고관리자
INSERT INTO MSG_STATUS
VALUES ('2511793','ONLINE',SYSDATE,'IN','WFH',SYSDATE,'MANUAL','Y',SYSDATE,1,NULL);

--MES 기준정보관리 PRODUCT_MST
-- 완제품 향수
Insert into PRODUCT_MST (PRD_ID,CREATED_DATE,CREATED_ID,EFFECTIVE_DATE,PRD_CAT,PRD_NAME,PRD_SPEC,PRD_STATUS,PRD_UNIT,UNIT_PRICE,UPDATED_DATE,UPDATED_ID,ITEM_NAME,CREATE_DATE,CREATE_ID,UPDATE_DATE,UPDATE_ID,MIN_QTY) 
values ('BG030',to_date('25/12/02','RR/MM/DD'),'2511793',36,'완제품','봄결30ml','액체향수 25년 출시1번 용량 30ml - 과일향, 꽃향','ACTIVE',EA,50000,null,null,'LIQUID',null,null,null,null,'10');
Insert into PRODUCT_MST (PRD_ID,CREATED_DATE,CREATED_ID,EFFECTIVE_DATE,PRD_CAT,PRD_NAME,PRD_SPEC,PRD_STATUS,PRD_UNIT,UNIT_PRICE,UPDATED_DATE,UPDATED_ID,ITEM_NAME,CREATE_DATE,CREATE_ID,UPDATE_DATE,UPDATE_ID,MIN_QTY) 
values ('BG100',to_date('25/12/02','RR/MM/DD'),'2511793',36,'완제품','봄결100ml','액체향수 25년 출시1번 용량 100ml - 과일향, 꽃향','ACTIVE',EA,140000,null,null,'LIQUID',null,null,null,null,'10');
Insert into PRODUCT_MST (PRD_ID,CREATED_DATE,CREATED_ID,EFFECTIVE_DATE,PRD_CAT,PRD_NAME,PRD_SPEC,PRD_STATUS,PRD_UNIT,UNIT_PRICE,UPDATED_DATE,UPDATED_ID,ITEM_NAME,CREATE_DATE,CREATE_ID,UPDATE_DATE,UPDATE_ID,MIN_QTY) 
values ('LG050',to_date('25/12/02','RR/MM/DD'),'2511793',36,'완제품','빛결50ml','액체향수 25년 출시2번 용량 50ml - 자연향, 풀향','ACTIVE',EA,90000,null,null,'LIQUID',null,null,null,null,'10');
Insert into PRODUCT_MST (PRD_ID,CREATED_DATE,CREATED_ID,EFFECTIVE_DATE,PRD_CAT,PRD_NAME,PRD_SPEC,PRD_STATUS,PRD_UNIT,UNIT_PRICE,UPDATED_DATE,UPDATED_ID,ITEM_NAME,CREATE_DATE,CREATE_ID,UPDATE_DATE,UPDATE_ID,MIN_QTY) 
values ('LG100',to_date('25/12/02','RR/MM/DD'),'2511793',36,'완제품','빛결100ml','액체향수 25년 출시2번 용량 100ml - 자연향, 풀향','ACTIVE',EA,140000,null,null,'LIQUID',null,null,null,null,'10');
Insert into PRODUCT_MST (PRD_ID,CREATED_DATE,CREATED_ID,EFFECTIVE_DATE,PRD_CAT,PRD_NAME,PRD_SPEC,PRD_STATUS,PRD_UNIT,UNIT_PRICE,UPDATED_DATE,UPDATED_ID,ITEM_NAME,CREATE_DATE,CREATE_ID,UPDATE_DATE,UPDATE_ID,MIN_QTY) 
values ('HG005',to_date('25/12/03','RR/MM/DD'),'2511793',36,'완제품','한결5g','고체향수 25년 출시1번 용량 5g - 시원한향, 남자스킨향','ACTIVE',EA,30000,null,null,'SOLID',null,null,null,null,'10');
Insert into PRODUCT_MST (PRD_ID,CREATED_DATE,CREATED_ID,EFFECTIVE_DATE,PRD_CAT,PRD_NAME,PRD_SPEC,PRD_STATUS,PRD_UNIT,UNIT_PRICE,UPDATED_DATE,UPDATED_ID,ITEM_NAME,CREATE_DATE,CREATE_ID,UPDATE_DATE,UPDATE_ID,MIN_QTY) 
values ('HG010',to_date('25/12/03','RR/MM/DD'),'2511793',36,'완제품','한결10g','고체향수 25년 출시1번 용량 10g - 시원한향, 남자스킨향','ACTIVE',EA,50000,null,null,'SOLID',null,null,null,null,'10');
Insert into PRODUCT_MST (PRD_ID,CREATED_DATE,CREATED_ID,EFFECTIVE_DATE,PRD_CAT,PRD_NAME,PRD_SPEC,PRD_STATUS,PRD_UNIT,UNIT_PRICE,UPDATED_DATE,UPDATED_ID,ITEM_NAME,CREATE_DATE,CREATE_ID,UPDATE_DATE,UPDATE_ID,MIN_QTY) 
values ('LG030',to_date('25/12/03','RR/MM/DD'),'2511793',36,'완제품','빛결30ml','액체향수 25년 출시2번 용량 30ml - 자연향, 풀향','ACTIVE',EA,50000,null,null,'LIQUID',null,null,null,null,'10');
Insert into PRODUCT_MST (PRD_ID,CREATED_DATE,CREATED_ID,EFFECTIVE_DATE,PRD_CAT,PRD_NAME,PRD_SPEC,PRD_STATUS,PRD_UNIT,UNIT_PRICE,UPDATED_DATE,UPDATED_ID,ITEM_NAME,CREATE_DATE,CREATE_ID,UPDATE_DATE,UPDATE_ID,MIN_QTY) 
values ('BG050',to_date('25/12/03','RR/MM/DD'),'2511793',36,'완제품','봄결50ml','액체향수 25년 출시1번 용량 50ml - 과일향, 꽃향','ACTIVE',EA,90000,null,null,'LIQUID',null,null,null,null,'10');

-- 원재료 향료1. 고체향수 (한결)
INSERT INTO material_mst(MAT_ID,MAT_NAME,MAT_TYPE,MAT_UNIT,EFFECTIVE_DATE,MAT_DESC,CREATED_ID,CREATED_DATE,UPDATED_ID,UPDATED_DATE)
VALUES('BW-001','비즈왁스','원자재','g',36,'벌꿀을만드는 꿀벌이생성하는 천연왁스','2511793',SYSDATE,NULL,NULL);
INSERT INTO material_mst(MAT_ID,MAT_NAME,MAT_TYPE,MAT_UNIT,EFFECTIVE_DATE,MAT_DESC,CREATED_ID,CREATED_DATE,UPDATED_ID,UPDATED_DATE)
VALUES('CO-001','코코넛오일','원자재','g',36,'코코넛 열매의 과육에서 추출한 식물성오일','2511793',SYSDATE,NULL,NULL);
INSERT INTO material_mst(MAT_ID,MAT_NAME,MAT_TYPE,MAT_UNIT,EFFECTIVE_DATE,MAT_DESC,CREATED_ID,CREATED_DATE,UPDATED_ID,UPDATED_DATE)
VALUES('SB-001','시어버터','원자재','g',36,'아프리카 시어나무 열매의 견과에서 추출한 천연버터','2511793',SYSDATE,NULL,NULL);
INSERT INTO material_mst(MAT_ID,MAT_NAME,MAT_TYPE,MAT_UNIT,EFFECTIVE_DATE,MAT_DESC,CREATED_ID,CREATED_DATE,UPDATED_ID,UPDATED_DATE)
VALUES('FR-BG','베르가못','원자재','g',36,'감귤류 과일향,상큼하면서 은은한 달콤함','2511793',SYSDATE,NULL,NULL);
INSERT INTO material_mst(MAT_ID,MAT_NAME,MAT_TYPE,MAT_UNIT,EFFECTIVE_DATE,MAT_DESC,CREATED_ID,CREATED_DATE,UPDATED_ID,UPDATED_DATE)
VALUES('FR-LM','레몬','원자재','g',36,'맑고 산뜻한 상큼한 향','2511793',SYSDATE,NULL,NULL);
INSERT INTO material_mst(MAT_ID,MAT_NAME,MAT_TYPE,MAT_UNIT,EFFECTIVE_DATE,MAT_DESC,CREATED_ID,CREATED_DATE,UPDATED_ID,UPDATED_DATE)
VALUES('FR-LI','라임','원자재','g',36,'레몬보다 톡 쏘는 상큼함','2511793',SYSDATE,NULL,NULL);
INSERT INTO material_mst(MAT_ID,MAT_NAME,MAT_TYPE,MAT_UNIT,EFFECTIVE_DATE,MAT_DESC,CREATED_ID,CREATED_DATE,UPDATED_ID,UPDATED_DATE)
VALUES('FR-MT','페퍼민트','원자재','g',36,'시원하고 청량한 허브향','2511793',SYSDATE,NULL,NULL);
INSERT INTO material_mst(MAT_ID,MAT_NAME,MAT_TYPE,MAT_UNIT,EFFECTIVE_DATE,MAT_DESC,CREATED_ID,CREATED_DATE,UPDATED_ID,UPDATED_DATE)
VALUES('FR-LV','라벤더','원자재','g',36,'허브향,꽃향,은은한 달콤함','2511793',SYSDATE,NULL,NULL);
INSERT INTO material_mst(MAT_ID,MAT_NAME,MAT_TYPE,MAT_UNIT,EFFECTIVE_DATE,MAT_DESC,CREATED_ID,CREATED_DATE,UPDATED_ID,UPDATED_DATE)
VALUES('FR-RM','로즈마리','원자재','g',36,'허브향,상쾌하고 약간 쌉쌀한느낌','2511793',SYSDATE,NULL,NULL);
INSERT INTO material_mst(MAT_ID,MAT_NAME,MAT_TYPE,MAT_UNIT,EFFECTIVE_DATE,MAT_DESC,CREATED_ID,CREATED_DATE,UPDATED_ID,UPDATED_DATE)
VALUES('FR-GE','제라늄','원자재','g',36,'장미 비슷한 꽃향,약간 시트러스 톤 포함','2511793',SYSDATE,NULL,NULL);
INSERT INTO material_mst(MAT_ID,MAT_NAME,MAT_TYPE,MAT_UNIT,EFFECTIVE_DATE,MAT_DESC,CREATED_ID,CREATED_DATE,UPDATED_ID,UPDATED_DATE)
VALUES('FR-SG','세이지','원자재','g',36,'허브향,약간 흙내음 섞인 깔끔한 향','2511793',SYSDATE,NULL,NULL);
INSERT INTO material_mst(MAT_ID,MAT_NAME,MAT_TYPE,MAT_UNIT,EFFECTIVE_DATE,MAT_DESC,CREATED_ID,CREATED_DATE,UPDATED_ID,UPDATED_DATE)
VALUES('FR-CD','시더우드','원자재','g',36,'나무 향, 따뜻하고 남성적인느낌','2511793',SYSDATE,NULL,NULL);
INSERT INTO material_mst(MAT_ID,MAT_NAME,MAT_TYPE,MAT_UNIT,EFFECTIVE_DATE,MAT_DESC,CREATED_ID,CREATED_DATE,UPDATED_ID,UPDATED_DATE)
VALUES('FR-MU','화이트머스크','원자재','g',36,'깨끗하고 부드러운 머스크향','2511793',SYSDATE,NULL,NULL);
INSERT INTO material_mst(MAT_ID,MAT_NAME,MAT_TYPE,MAT_UNIT,EFFECTIVE_DATE,MAT_DESC,CREATED_ID,CREATED_DATE,UPDATED_ID,UPDATED_DATE)
VALUES('FR-AB','앰버','원자재','g',36,'따뜻하고 달콤한 레진향(지속력강화용)','2511793',SYSDATE,NULL,NULL);
INSERT INTO material_mst(MAT_ID,MAT_NAME,MAT_TYPE,MAT_UNIT,EFFECTIVE_DATE,MAT_DESC,CREATED_ID,CREATED_DATE,UPDATED_ID,UPDATED_DATE)
VALUES('CNT-001','고체향수통5g','플라스틱','EA','','고체향수 본품 CASE','2511793',SYSDATE,NULL,NULL);
INSERT INTO material_mst(MAT_ID,MAT_NAME,MAT_TYPE,MAT_UNIT,EFFECTIVE_DATE,MAT_DESC,CREATED_ID,CREATED_DATE,UPDATED_ID,UPDATED_DATE)
VALUES('CNT-002','고체향수통10g','플라스틱','EA','','고체향수 본품 CASE','2511793',SYSDATE,NULL,NULL);
INSERT INTO material_mst(MAT_ID,MAT_NAME,MAT_TYPE,MAT_UNIT,EFFECTIVE_DATE,MAT_DESC,CREATED_ID,CREATED_DATE,UPDATED_ID,UPDATED_DATE)
VALUES('CAP-001','뚜껑5g','포장재','EA','','고체향수 본품 CASE 뚜껑','2511793',SYSDATE,NULL,NULL);
INSERT INTO material_mst(MAT_ID,MAT_NAME,MAT_TYPE,MAT_UNIT,EFFECTIVE_DATE,MAT_DESC,CREATED_ID,CREATED_DATE,UPDATED_ID,UPDATED_DATE)
VALUES('CAP-002','뚜껑10g','포장재','EA','','액체향수 공병 뚜껑','2511793',SYSDATE,NULL,NULL);
INSERT INTO material_mst(MAT_ID,MAT_NAME,MAT_TYPE,MAT_UNIT,EFFECTIVE_DATE,MAT_DESC,CREATED_ID,CREATED_DATE,UPDATED_ID,UPDATED_DATE)
VALUES('BOX-001','박스5g','상자','BOX','','고체향수 본품 박스','2511793',SYSDATE,NULL,NULL);
INSERT INTO material_mst(MAT_ID,MAT_NAME,MAT_TYPE,MAT_UNIT,EFFECTIVE_DATE,MAT_DESC,CREATED_ID,CREATED_DATE,UPDATED_ID,UPDATED_DATE)
VALUES('BOX-002','박스10g','상자','BOX','','고체향수 본품 박스','2511793',SYSDATE,NULL,NULL);
INSERT INTO material_mst(MAT_ID,MAT_NAME,MAT_TYPE,MAT_UNIT,EFFECTIVE_DATE,MAT_DESC,CREATED_ID,CREATED_DATE,UPDATED_ID,UPDATED_DATE)
VALUES('PKG-001','포장지(한결)','포장재','EA','','고체향수 본품 박스 포장지','2511793',SYSDATE,NULL,NULL);
INSERT INTO material_mst(MAT_ID,MAT_NAME,MAT_TYPE,MAT_UNIT,EFFECTIVE_DATE,MAT_DESC,CREATED_ID,CREATED_DATE,UPDATED_ID,UPDATED_DATE)
VALUES('LBL-001','라벨(한결)5g','포장재','EA','','고체향수 라벨 한결','2511793',SYSDATE,NULL,NULL);
INSERT INTO material_mst(MAT_ID,MAT_NAME,MAT_TYPE,MAT_UNIT,EFFECTIVE_DATE,MAT_DESC,CREATED_ID,CREATED_DATE,UPDATED_ID,UPDATED_DATE)
VALUES('LBL-002','라벨(한결)10g','포장재','EA','','고체향수 라벨 한결','2511793',SYSDATE,NULL,NULL);

-- 원재료 향료2. 액체향수 (봄결)
INSERT INTO material_mst(MAT_ID,MAT_NAME,MAT_TYPE,MAT_UNIT,EFFECTIVE_DATE,MAT_DESC,CREATED_ID,CREATED_DATE,UPDATED_ID,UPDATED_DATE)
VALUES('SO-ET','에탄올','원재료','ml',36,'향오일을 용해하고 피부에 향 전달, 휘발성을제공','2511793',SYSDATE,NULL,NULL);
INSERT INTO material_mst(MAT_ID,MAT_NAME,MAT_TYPE,MAT_UNIT,EFFECTIVE_DATE,MAT_DESC,CREATED_ID,CREATED_DATE,UPDATED_ID,UPDATED_DATE)
VALUES('SO-WA','정제수','원재료','ml',36,'알코올조절, 향안정, 향수를부드럽게함','2511793',SYSDATE,NULL,NULL);
INSERT INTO material_mst(MAT_ID,MAT_NAME,MAT_TYPE,MAT_UNIT,EFFECTIVE_DATE,MAT_DESC,CREATED_ID,CREATED_DATE,UPDATED_ID,UPDATED_DATE)
VALUES('AD-GL','글리세린','원재료','ml',36,'보습,부드러운 마무리, 향안정화','2511793',SYSDATE,NULL,NULL);
INSERT INTO material_mst(MAT_ID,MAT_NAME,MAT_TYPE,MAT_UNIT,EFFECTIVE_DATE,MAT_DESC,CREATED_ID,CREATED_DATE,UPDATED_ID,UPDATED_DATE)
VALUES('FR-LM','레몬','원재료','ml',36,'맑고 산뜻한 상큼한 향','2511793',SYSDATE,NULL,NULL);
INSERT INTO material_mst(MAT_ID,MAT_NAME,MAT_TYPE,MAT_UNIT,EFFECTIVE_DATE,MAT_DESC,CREATED_ID,CREATED_DATE,UPDATED_ID,UPDATED_DATE)
VALUES('FR-LI','라임','원재료','ml',36,'레몬보다 톡 쏘는 상큼함','2511793',SYSDATE,NULL,NULL);
INSERT INTO material_mst(MAT_ID,MAT_NAME,MAT_TYPE,MAT_UNIT,EFFECTIVE_DATE,MAT_DESC,CREATED_ID,CREATED_DATE,UPDATED_ID,UPDATED_DATE)
VALUES('FR-GR','자몽','원재료','ml',36,'상큼하고 시트러스 계열의 쌉싸름한 달콤함','2511793',SYSDATE,NULL,NULL);
INSERT INTO material_mst(MAT_ID,MAT_NAME,MAT_TYPE,MAT_UNIT,EFFECTIVE_DATE,MAT_DESC,CREATED_ID,CREATED_DATE,UPDATED_ID,UPDATED_DATE)
VALUES('FR-LV','라벤더','원재료','ml',36,'허브향,꽃향,은은한 달콤함','2511793',SYSDATE,NULL,NULL);
INSERT INTO material_mst(MAT_ID,MAT_NAME,MAT_TYPE,MAT_UNIT,EFFECTIVE_DATE,MAT_DESC,CREATED_ID,CREATED_DATE,UPDATED_ID,UPDATED_DATE)
VALUES('FR-GE','제라늄','원재료','ml',36,'장미 비슷한 꽃향,약간 시트러스 톤 포함','2511793',SYSDATE,NULL,NULL);
INSERT INTO material_mst(MAT_ID,MAT_NAME,MAT_TYPE,MAT_UNIT,EFFECTIVE_DATE,MAT_DESC,CREATED_ID,CREATED_DATE,UPDATED_ID,UPDATED_DATE)
VALUES('FR-JS','자스민','원재료','ml',36,'달콤하고 풍부한꽃향','2511793',SYSDATE,NULL,NULL);
INSERT INTO material_mst(MAT_ID,MAT_NAME,MAT_TYPE,MAT_UNIT,EFFECTIVE_DATE,MAT_DESC,CREATED_ID,CREATED_DATE,UPDATED_ID,UPDATED_DATE)
VALUES('FR-MU','화이트머스크','원재료','ml',36,'깨끗하고 부드러운 머스크향','2511793',SYSDATE,NULL,NULL);
INSERT INTO material_mst(MAT_ID,MAT_NAME,MAT_TYPE,MAT_UNIT,EFFECTIVE_DATE,MAT_DESC,CREATED_ID,CREATED_DATE,UPDATED_ID,UPDATED_DATE)
VALUES('FR-AB','앰버','원재료','ml',36,'따뜻하고 달콤한 레진향(지속력강화용)','2511793',SYSDATE,NULL,NULL);
INSERT INTO material_mst(MAT_ID,MAT_NAME,MAT_TYPE,MAT_UNIT,EFFECTIVE_DATE,MAT_DESC,CREATED_ID,CREATED_DATE,UPDATED_ID,UPDATED_DATE)
VALUES('BTT-001','액체향수통30ml','공병','ml','','액체향수 공병 30ml','2511793',SYSDATE,NULL,NULL);
INSERT INTO material_mst(MAT_ID,MAT_NAME,MAT_TYPE,MAT_UNIT,EFFECTIVE_DATE,MAT_DESC,CREATED_ID,CREATED_DATE,UPDATED_ID,UPDATED_DATE)
VALUES('BTT-002','액체향수통50ml','공병','ml','','액체향수 유리 공병50ml','2511793',SYSDATE,NULL,NULL);
INSERT INTO material_mst(MAT_ID,MAT_NAME,MAT_TYPE,MAT_UNIT,EFFECTIVE_DATE,MAT_DESC,CREATED_ID,CREATED_DATE,UPDATED_ID,UPDATED_DATE)
VALUES('BTT-003','액체향수통100ml','공병','ml','','액체향수 유리 공병100ml','2511793',SYSDATE,NULL,NULL);
INSERT INTO material_mst(MAT_ID,MAT_NAME,MAT_TYPE,MAT_UNIT,EFFECTIVE_DATE,MAT_DESC,CREATED_ID,CREATED_DATE,UPDATED_ID,UPDATED_DATE)
VALUES('BOX-003','박스30ml','상자','BOX','','액체향수 박스 30ml','2511793',SYSDATE,NULL,NULL);
INSERT INTO material_mst(MAT_ID,MAT_NAME,MAT_TYPE,MAT_UNIT,EFFECTIVE_DATE,MAT_DESC,CREATED_ID,CREATED_DATE,UPDATED_ID,UPDATED_DATE)
VALUES('BOX-004','박스50ml','상자','BOX','','유리공병 박스 50ml','2511793',SYSDATE,NULL,NULL);
INSERT INTO material_mst(MAT_ID,MAT_NAME,MAT_TYPE,MAT_UNIT,EFFECTIVE_DATE,MAT_DESC,CREATED_ID,CREATED_DATE,UPDATED_ID,UPDATED_DATE)
VALUES('BOX-005','박스100ml','상자','BOX','','유리공병 박스 100ml','2511793',SYSDATE,NULL,NULL);
INSERT INTO material_mst(MAT_ID,MAT_NAME,MAT_TYPE,MAT_UNIT,EFFECTIVE_DATE,MAT_DESC,CREATED_ID,CREATED_DATE,UPDATED_ID,UPDATED_DATE)
VALUES('PKG-002','포장지(봄결)','포장재','EA','','액체향수 포장지','2511793',SYSDATE,NULL,NULL);
INSERT INTO material_mst(MAT_ID,MAT_NAME,MAT_TYPE,MAT_UNIT,EFFECTIVE_DATE,MAT_DESC,CREATED_ID,CREATED_DATE,UPDATED_ID,UPDATED_DATE)
VALUES('LBL-003','라벨(봄결)30ml','포장재','EA','','액체향수 라벨 봄결30ml','2511793',SYSDATE,NULL,NULL);
INSERT INTO material_mst(MAT_ID,MAT_NAME,MAT_TYPE,MAT_UNIT,EFFECTIVE_DATE,MAT_DESC,CREATED_ID,CREATED_DATE,UPDATED_ID,UPDATED_DATE)
VALUES('LBL-004','라벨(봄결)50ml','포장재','EA','','액체향수 라벨 봄결50ml','2511793',SYSDATE,NULL,NULL);
INSERT INTO material_mst(MAT_ID,MAT_NAME,MAT_TYPE,MAT_UNIT,EFFECTIVE_DATE,MAT_DESC,CREATED_ID,CREATED_DATE,UPDATED_ID,UPDATED_DATE)
VALUES('LBL-005','라벨(봄결)100ml','포장재','EA','','액체향수 라벨 봄결100ml','2511793',SYSDATE,NULL,NULL);

-- 원재료 향료3. 액체향수 (빛결)
INSERT INTO material_mst(MAT_ID,MAT_NAME,MAT_TYPE,MAT_UNIT,EFFECTIVE_DATE,MAT_DESC,CREATED_ID,CREATED_DATE,UPDATED_ID,UPDATED_DATE)
VALUES('FR-BZ','바질','원재료','ml','36','신선하고,약간매콤한 허브향','2511793',SYSDATE,NULL,NULL);
INSERT INTO material_mst(MAT_ID,MAT_NAME,MAT_TYPE,MAT_UNIT,EFFECTIVE_DATE,MAT_DESC,CREATED_ID,CREATED_DATE,UPDATED_ID,UPDATED_DATE)
VALUES('FR-MT','민트','원재료','ml','36','시원하고,청량한 풀향','2511793',SYSDATE,NULL,NULL);
INSERT INTO material_mst(MAT_ID,MAT_NAME,MAT_TYPE,MAT_UNIT,EFFECTIVE_DATE,MAT_DESC,CREATED_ID,CREATED_DATE,UPDATED_ID,UPDATED_DATE)
VALUES('FR-SG','세이지','원재료','ml','36','깨끗하고 약간 흙내음이섞인허브향','2511793',SYSDATE,NULL,NULL);
INSERT INTO material_mst(MAT_ID,MAT_NAME,MAT_TYPE,MAT_UNIT,EFFECTIVE_DATE,MAT_DESC,CREATED_ID,CREATED_DATE,UPDATED_ID,UPDATED_DATE)
VALUES('FR-GB','갈바눔','원재료','ml','36','초록잎사귀,풀 내음과 약간쌉쌀함','2511793',SYSDATE,NULL,NULL);
INSERT INTO material_mst(MAT_ID,MAT_NAME,MAT_TYPE,MAT_UNIT,EFFECTIVE_DATE,MAT_DESC,CREATED_ID,CREATED_DATE,UPDATED_ID,UPDATED_DATE)
VALUES('FR-GT','그린티','원재료','ml','36','은은하고 맑은 허브향','2511793',SYSDATE,NULL,NULL);
INSERT INTO material_mst(MAT_ID,MAT_NAME,MAT_TYPE,MAT_UNIT,EFFECTIVE_DATE,MAT_DESC,CREATED_ID,CREATED_DATE,UPDATED_ID,UPDATED_DATE)
VALUES('FR-BV','베티버','원재료','ml','36','흙내음 섞인 우디향','2511793',SYSDATE,NULL,NULL);
INSERT INTO material_mst(MAT_ID,MAT_NAME,MAT_TYPE,MAT_UNIT,EFFECTIVE_DATE,MAT_DESC,CREATED_ID,CREATED_DATE,UPDATED_ID,UPDATED_DATE)
VALUES('FR-CD','시더우드','원재료','ml','36','따뜻하고우디한향,남성적인느낌','2511793',SYSDATE,NULL,NULL);
INSERT INTO material_mst(MAT_ID,MAT_NAME,MAT_TYPE,MAT_UNIT,EFFECTIVE_DATE,MAT_DESC,CREATED_ID,CREATED_DATE,UPDATED_ID,UPDATED_DATE)
VALUES('CAP-003','뚜껑','포장재','EA','','액체향수 유리공병 뚜껑','2511793',SYSDATE,NULL,NULL);
INSERT INTO material_mst(MAT_ID,MAT_NAME,MAT_TYPE,MAT_UNIT,EFFECTIVE_DATE,MAT_DESC,CREATED_ID,CREATED_DATE,UPDATED_ID,UPDATED_DATE)
VALUES('PKG-003','포장지(빛결)','포장재','EA','','박스 포장지','2511793',SYSDATE,NULL,NULL);
INSERT INTO material_mst(MAT_ID,MAT_NAME,MAT_TYPE,MAT_UNIT,EFFECTIVE_DATE,MAT_DESC,CREATED_ID,CREATED_DATE,UPDATED_ID,UPDATED_DATE)
VALUES('LBL-006','라벨(빛결)30ml','포장재','EA','','액체향수 라벨 라벨지30ml','2511793',SYSDATE,NULL,NULL);
INSERT INTO material_mst(MAT_ID,MAT_NAME,MAT_TYPE,MAT_UNIT,EFFECTIVE_DATE,MAT_DESC,CREATED_ID,CREATED_DATE,UPDATED_ID,UPDATED_DATE)
VALUES('LBL-007','라벨(빛결)50ml','포장재','EA','','액체향수 라벨 라벨지50ml','2511793',SYSDATE,NULL,NULL);
INSERT INTO material_mst(MAT_ID,MAT_NAME,MAT_TYPE,MAT_UNIT,EFFECTIVE_DATE,MAT_DESC,CREATED_ID,CREATED_DATE,UPDATED_ID,UPDATED_DATE)
VALUES('LBL-008','라벨(빛결)100ml','포장재','EA','','액체향수 라벨 라벨지100ml','2511793',SYSDATE,NULL,NULL);
INSERT INTO material_mst(MAT_ID,MAT_NAME,MAT_TYPE,MAT_UNIT,EFFECTIVE_DATE,MAT_DESC,CREATED_ID,CREATED_DATE,UPDATED_ID,UPDATED_DATE)
VALUES('PKG-004','에어캡','포장재','EA','','박스 에어캡','2511793',SYSDATE,NULL,NULL);

-- BOM_MST 한결5g,10g,봄결 30ml,50ml,100ml,빛결 30ml,50ml,100ml
Insert into BOM_MST (BOM_ID,PRD_ID,MAT_ID,MAT_QTY,MAT_UNIT,BOM_SEQ_NO,CREATED_ID,CREATED_DATE,UPDATED_ID,UPDATED_DATE) 
values ('HG005-001','HG005','BW-001',1,'g',1,'2511793',to_date('25/12/02','RR/MM/DD'),null,null);
Insert into BOM_MST (BOM_ID,PRD_ID,MAT_ID,MAT_QTY,MAT_UNIT,BOM_SEQ_NO,CREATED_ID,CREATED_DATE,UPDATED_ID,UPDATED_DATE) 
values ('HG005-001','HG005','CO-001',1.3,'g',2,'2511793',to_date('25/12/02','RR/MM/DD'),null,null);
Insert into BOM_MST (BOM_ID,PRD_ID,MAT_ID,MAT_QTY,MAT_UNIT,BOM_SEQ_NO,CREATED_ID,CREATED_DATE,UPDATED_ID,UPDATED_DATE) 
values ('HG005-001','HG005','SB-001',1.2,'g',3,'2511793',to_date('25/12/02','RR/MM/DD'),null,null);
Insert into BOM_MST (BOM_ID,PRD_ID,MAT_ID,MAT_QTY,MAT_UNIT,BOM_SEQ_NO,CREATED_ID,CREATED_DATE,UPDATED_ID,UPDATED_DATE) 
values ('HG005-001','HG005','FR-BG',0.2,'g',4,'2511793',to_date('25/12/02','RR/MM/DD'),null,null);
Insert into BOM_MST (BOM_ID,PRD_ID,MAT_ID,MAT_QTY,MAT_UNIT,BOM_SEQ_NO,CREATED_ID,CREATED_DATE,UPDATED_ID,UPDATED_DATE) 
values ('HG005-001','HG005','FR-LM',0.2,'g',5,'2511793',to_date('25/12/02','RR/MM/DD'),null,null);
Insert into BOM_MST (BOM_ID,PRD_ID,MAT_ID,MAT_QTY,MAT_UNIT,BOM_SEQ_NO,CREATED_ID,CREATED_DATE,UPDATED_ID,UPDATED_DATE) 
values ('HG005-001','HG005','FR-LI',0.1,'g',6,'2511793',to_date('25/12/02','RR/MM/DD'),null,null);
Insert into BOM_MST (BOM_ID,PRD_ID,MAT_ID,MAT_QTY,MAT_UNIT,BOM_SEQ_NO,CREATED_ID,CREATED_DATE,UPDATED_ID,UPDATED_DATE) 
values ('HG005-001','HG005','FR-MT',0.1,'g',7,'2511793',to_date('25/12/02','RR/MM/DD'),null,null);
Insert into BOM_MST (BOM_ID,PRD_ID,MAT_ID,MAT_QTY,MAT_UNIT,BOM_SEQ_NO,CREATED_ID,CREATED_DATE,UPDATED_ID,UPDATED_DATE) 
values ('HG005-001','HG005','FR-LV',0.2,'g',8,'2511793',to_date('25/12/02','RR/MM/DD'),null,null);
Insert into BOM_MST (BOM_ID,PRD_ID,MAT_ID,MAT_QTY,MAT_UNIT,BOM_SEQ_NO,CREATED_ID,CREATED_DATE,UPDATED_ID,UPDATED_DATE) 
values ('HG005-001','HG005','FR-RM',0.1,'g',9,'2511793',to_date('25/12/02','RR/MM/DD'),null,null);
Insert into BOM_MST (BOM_ID,PRD_ID,MAT_ID,MAT_QTY,MAT_UNIT,BOM_SEQ_NO,CREATED_ID,CREATED_DATE,UPDATED_ID,UPDATED_DATE) 
values ('HG005-001','HG005','FR-GE',0.1,'g',10,'2511793',to_date('25/12/02','RR/MM/DD'),null,null);
Insert into BOM_MST (BOM_ID,PRD_ID,MAT_ID,MAT_QTY,MAT_UNIT,BOM_SEQ_NO,CREATED_ID,CREATED_DATE,UPDATED_ID,UPDATED_DATE) 
values ('HG005-001','HG005','FR-SG',0.1,'g',11,'2511793',to_date('25/12/02','RR/MM/DD'),null,null);
Insert into BOM_MST (BOM_ID,PRD_ID,MAT_ID,MAT_QTY,MAT_UNIT,BOM_SEQ_NO,CREATED_ID,CREATED_DATE,UPDATED_ID,UPDATED_DATE) 
values ('HG005-001','HG005','FR-CD',0.2,'g',12,'2511793',to_date('25/12/02','RR/MM/DD'),null,null);
Insert into BOM_MST (BOM_ID,PRD_ID,MAT_ID,MAT_QTY,MAT_UNIT,BOM_SEQ_NO,CREATED_ID,CREATED_DATE,UPDATED_ID,UPDATED_DATE) 
values ('HG005-001','HG005','FR-MU',0.2,'g',13,'2511793',to_date('25/12/02','RR/MM/DD'),null,null);
Insert into BOM_MST (BOM_ID,PRD_ID,MAT_ID,MAT_QTY,MAT_UNIT,BOM_SEQ_NO,CREATED_ID,CREATED_DATE,UPDATED_ID,UPDATED_DATE) 
values ('HG005-001','HG005','FR-AB',0.1,'g',14,'2511793',to_date('25/12/02','RR/MM/DD'),null,null);
Insert into BOM_MST (BOM_ID,PRD_ID,MAT_ID,MAT_QTY,MAT_UNIT,BOM_SEQ_NO,CREATED_ID,CREATED_DATE,UPDATED_ID,UPDATED_DATE) 
values ('HG005-001','HG005','CNT-001',1,'EA',15,'2511793',to_date('25/12/02','RR/MM/DD'),null,null);
Insert into BOM_MST (BOM_ID,PRD_ID,MAT_ID,MAT_QTY,MAT_UNIT,BOM_SEQ_NO,CREATED_ID,CREATED_DATE,UPDATED_ID,UPDATED_DATE) 
values ('HG005-001','HG005','CAP-001',1,'EA',16,'2511793',to_date('25/12/02','RR/MM/DD'),null,null);
Insert into BOM_MST (BOM_ID,PRD_ID,MAT_ID,MAT_QTY,MAT_UNIT,BOM_SEQ_NO,CREATED_ID,CREATED_DATE,UPDATED_ID,UPDATED_DATE) 
values ('HG005-001','HG005','BOX-001',1,'box',17,'2511793',to_date('25/12/02','RR/MM/DD'),null,null);
Insert into BOM_MST (BOM_ID,PRD_ID,MAT_ID,MAT_QTY,MAT_UNIT,BOM_SEQ_NO,CREATED_ID,CREATED_DATE,UPDATED_ID,UPDATED_DATE) 
values ('HG005-001','HG005','PKG-001',1,'EA',18,'2511793',to_date('25/12/02','RR/MM/DD'),null,null);
Insert into BOM_MST (BOM_ID,PRD_ID,MAT_ID,MAT_QTY,MAT_UNIT,BOM_SEQ_NO,CREATED_ID,CREATED_DATE,UPDATED_ID,UPDATED_DATE) 
values ('HG005-001','HG005','LBL-001',1,'EA',19,'2511793',to_date('25/12/02','RR/MM/DD'),null,null);
Insert into BOM_MST (BOM_ID,PRD_ID,MAT_ID,MAT_QTY,MAT_UNIT,BOM_SEQ_NO,CREATED_ID,CREATED_DATE,UPDATED_ID,UPDATED_DATE) 
values ('HG010-001','HG010','BW-001',2,'g',1,'2511793',to_date('25/12/02','RR/MM/DD'),null,null);
Insert into BOM_MST (BOM_ID,PRD_ID,MAT_ID,MAT_QTY,MAT_UNIT,BOM_SEQ_NO,CREATED_ID,CREATED_DATE,UPDATED_ID,UPDATED_DATE) 
values ('HG010-001','HG010','CO-001',2.6,'g',2,'2511793',to_date('25/12/02','RR/MM/DD'),null,null);
Insert into BOM_MST (BOM_ID,PRD_ID,MAT_ID,MAT_QTY,MAT_UNIT,BOM_SEQ_NO,CREATED_ID,CREATED_DATE,UPDATED_ID,UPDATED_DATE) 
values ('HG010-001','HG010','SB-001',2.4,'g',3,'2511793',to_date('25/12/02','RR/MM/DD'),null,null);
Insert into BOM_MST (BOM_ID,PRD_ID,MAT_ID,MAT_QTY,MAT_UNIT,BOM_SEQ_NO,CREATED_ID,CREATED_DATE,UPDATED_ID,UPDATED_DATE) 
values ('HG010-001','HG010','FR-BG',0.4,'g',4,'2511793',to_date('25/12/02','RR/MM/DD'),null,null);
Insert into BOM_MST (BOM_ID,PRD_ID,MAT_ID,MAT_QTY,MAT_UNIT,BOM_SEQ_NO,CREATED_ID,CREATED_DATE,UPDATED_ID,UPDATED_DATE) 
values ('HG010-001','HG010','FR-LM',0.4,'g',5,'2511793',to_date('25/12/02','RR/MM/DD'),null,null);
Insert into BOM_MST (BOM_ID,PRD_ID,MAT_ID,MAT_QTY,MAT_UNIT,BOM_SEQ_NO,CREATED_ID,CREATED_DATE,UPDATED_ID,UPDATED_DATE) 
values ('HG010-001','HG010','FR-LI',0.2,'g',6,'2511793',to_date('25/12/02','RR/MM/DD'),null,null);
Insert into BOM_MST (BOM_ID,PRD_ID,MAT_ID,MAT_QTY,MAT_UNIT,BOM_SEQ_NO,CREATED_ID,CREATED_DATE,UPDATED_ID,UPDATED_DATE) 
values ('HG010-001','HG010','FR-MT',0.2,'g',7,'2511793',to_date('25/12/02','RR/MM/DD'),null,null);
Insert into BOM_MST (BOM_ID,PRD_ID,MAT_ID,MAT_QTY,MAT_UNIT,BOM_SEQ_NO,CREATED_ID,CREATED_DATE,UPDATED_ID,UPDATED_DATE) 
values ('HG010-001','HG010','FR-LV',0.4,'g',8,'2511793',to_date('25/12/02','RR/MM/DD'),null,null);
Insert into BOM_MST (BOM_ID,PRD_ID,MAT_ID,MAT_QTY,MAT_UNIT,BOM_SEQ_NO,CREATED_ID,CREATED_DATE,UPDATED_ID,UPDATED_DATE) 
values ('HG010-001','HG010','FR-RM',0.2,'g',9,'2511793',to_date('25/12/02','RR/MM/DD'),null,null);
Insert into BOM_MST (BOM_ID,PRD_ID,MAT_ID,MAT_QTY,MAT_UNIT,BOM_SEQ_NO,CREATED_ID,CREATED_DATE,UPDATED_ID,UPDATED_DATE) 
values ('HG010-001','HG010','FR-GE',0.2,'g',10,'2511793',to_date('25/12/02','RR/MM/DD'),null,null);
Insert into BOM_MST (BOM_ID,PRD_ID,MAT_ID,MAT_QTY,MAT_UNIT,BOM_SEQ_NO,CREATED_ID,CREATED_DATE,UPDATED_ID,UPDATED_DATE) 
values ('HG010-001','HG010','FR-SG',0.2,'g',11,'2511793',to_date('25/12/02','RR/MM/DD'),null,null);
Insert into BOM_MST (BOM_ID,PRD_ID,MAT_ID,MAT_QTY,MAT_UNIT,BOM_SEQ_NO,CREATED_ID,CREATED_DATE,UPDATED_ID,UPDATED_DATE) 
values ('HG010-001','HG010','FR-CD',0.4,'g',12,'2511793',to_date('25/12/02','RR/MM/DD'),null,null);
Insert into BOM_MST (BOM_ID,PRD_ID,MAT_ID,MAT_QTY,MAT_UNIT,BOM_SEQ_NO,CREATED_ID,CREATED_DATE,UPDATED_ID,UPDATED_DATE) 
values ('HG010-001','HG010','FR-MU',0.4,'g',13,'2511793',to_date('25/12/02','RR/MM/DD'),null,null);
Insert into BOM_MST (BOM_ID,PRD_ID,MAT_ID,MAT_QTY,MAT_UNIT,BOM_SEQ_NO,CREATED_ID,CREATED_DATE,UPDATED_ID,UPDATED_DATE) 
values ('HG010-001','HG010','FR-AB',0.2,'g',14,'2511793',to_date('25/12/02','RR/MM/DD'),null,null);
Insert into BOM_MST (BOM_ID,PRD_ID,MAT_ID,MAT_QTY,MAT_UNIT,BOM_SEQ_NO,CREATED_ID,CREATED_DATE,UPDATED_ID,UPDATED_DATE) 
values ('HG010-001','HG010','CNT-002',1,'EA',15,'2511793',to_date('25/12/02','RR/MM/DD'),null,null);
Insert into BOM_MST (BOM_ID,PRD_ID,MAT_ID,MAT_QTY,MAT_UNIT,BOM_SEQ_NO,CREATED_ID,CREATED_DATE,UPDATED_ID,UPDATED_DATE) 
values ('HG010-001','HG010','CAP-002',1,'EA',16,'2511793',to_date('25/12/02','RR/MM/DD'),null,null);
Insert into BOM_MST (BOM_ID,PRD_ID,MAT_ID,MAT_QTY,MAT_UNIT,BOM_SEQ_NO,CREATED_ID,CREATED_DATE,UPDATED_ID,UPDATED_DATE) 
values ('HG010-001','HG010','BOX-002',1,'box',17,'2511793',to_date('25/12/02','RR/MM/DD'),null,null);
Insert into BOM_MST (BOM_ID,PRD_ID,MAT_ID,MAT_QTY,MAT_UNIT,BOM_SEQ_NO,CREATED_ID,CREATED_DATE,UPDATED_ID,UPDATED_DATE) 
values ('HG010-001','HG010','PKG-001',1,'EA',18,'2511793',to_date('25/12/02','RR/MM/DD'),null,null);
Insert into BOM_MST (BOM_ID,PRD_ID,MAT_ID,MAT_QTY,MAT_UNIT,BOM_SEQ_NO,CREATED_ID,CREATED_DATE,UPDATED_ID,UPDATED_DATE) 
values ('HG010-001','HG010','LBL-002',1,'EA',19,'2511793',to_date('25/12/02','RR/MM/DD'),null,null);
Insert into BOM_MST (BOM_ID,PRD_ID,MAT_ID,MAT_QTY,MAT_UNIT,BOM_SEQ_NO,CREATED_ID,CREATED_DATE,UPDATED_ID,UPDATED_DATE) 
values ('BG030-001','BG030','SO-ET',21,'ml',1,'2511793',to_date('25/12/02','RR/MM/DD'),null,null);
Insert into BOM_MST (BOM_ID,PRD_ID,MAT_ID,MAT_QTY,MAT_UNIT,BOM_SEQ_NO,CREATED_ID,CREATED_DATE,UPDATED_ID,UPDATED_DATE) 
values ('BG030-001','BG030','FR-JS',1,'ml',9,'2511793',to_date('25/12/02','RR/MM/DD'),null,null);
Insert into BOM_MST (BOM_ID,PRD_ID,MAT_ID,MAT_QTY,MAT_UNIT,BOM_SEQ_NO,CREATED_ID,CREATED_DATE,UPDATED_ID,UPDATED_DATE) 
values ('BG030-001','BG030','SO-WA',1.5,'ml',2,'2511793',to_date('25/12/02','RR/MM/DD'),null,null);
Insert into BOM_MST (BOM_ID,PRD_ID,MAT_ID,MAT_QTY,MAT_UNIT,BOM_SEQ_NO,CREATED_ID,CREATED_DATE,UPDATED_ID,UPDATED_DATE) 
values ('BG030-001','BG030','AD-GL',0.5,'ml',3,'2511793',to_date('25/12/02','RR/MM/DD'),null,null);
Insert into BOM_MST (BOM_ID,PRD_ID,MAT_ID,MAT_QTY,MAT_UNIT,BOM_SEQ_NO,CREATED_ID,CREATED_DATE,UPDATED_ID,UPDATED_DATE) 
values ('BG030-001','BG030','FR-LM',2,'ml',4,'2511793',to_date('25/12/02','RR/MM/DD'),null,null);
Insert into BOM_MST (BOM_ID,PRD_ID,MAT_ID,MAT_QTY,MAT_UNIT,BOM_SEQ_NO,CREATED_ID,CREATED_DATE,UPDATED_ID,UPDATED_DATE) 
values ('BG030-001','BG030','FR-LI',1.5,'ml',5,'2511793',to_date('25/12/02','RR/MM/DD'),null,null);
Insert into BOM_MST (BOM_ID,PRD_ID,MAT_ID,MAT_QTY,MAT_UNIT,BOM_SEQ_NO,CREATED_ID,CREATED_DATE,UPDATED_ID,UPDATED_DATE) 
values ('BG030-001','BG030','FR-GR',1,'ml',6,'2511793',to_date('25/12/02','RR/MM/DD'),null,null);
Insert into BOM_MST (BOM_ID,PRD_ID,MAT_ID,MAT_QTY,MAT_UNIT,BOM_SEQ_NO,CREATED_ID,CREATED_DATE,UPDATED_ID,UPDATED_DATE) 
values ('BG030-001','BG030','FR-LV',1.5,'ml',7,'2511793',to_date('25/12/02','RR/MM/DD'),null,null);
Insert into BOM_MST (BOM_ID,PRD_ID,MAT_ID,MAT_QTY,MAT_UNIT,BOM_SEQ_NO,CREATED_ID,CREATED_DATE,UPDATED_ID,UPDATED_DATE) 
values ('BG030-001','BG030','FR-GE',1,'ml',8,'2511793',to_date('25/12/02','RR/MM/DD'),null,null);
Insert into BOM_MST (BOM_ID,PRD_ID,MAT_ID,MAT_QTY,MAT_UNIT,BOM_SEQ_NO,CREATED_ID,CREATED_DATE,UPDATED_ID,UPDATED_DATE) 
values ('BG030-001','BG030','FR-MU',1.5,'ml',10,'2511793',to_date('25/12/02','RR/MM/DD'),null,null);
Insert into BOM_MST (BOM_ID,PRD_ID,MAT_ID,MAT_QTY,MAT_UNIT,BOM_SEQ_NO,CREATED_ID,CREATED_DATE,UPDATED_ID,UPDATED_DATE) 
values ('BG030-001','BG030','FR-AB',0.5,'ml',11,'2511793',to_date('25/12/02','RR/MM/DD'),null,null);
Insert into BOM_MST (BOM_ID,PRD_ID,MAT_ID,MAT_QTY,MAT_UNIT,BOM_SEQ_NO,CREATED_ID,CREATED_DATE,UPDATED_ID,UPDATED_DATE) 
values ('BG030-001','BG030','BTT-001',1,'EA',12,'2511793',to_date('25/12/02','RR/MM/DD'),null,null);
Insert into BOM_MST (BOM_ID,PRD_ID,MAT_ID,MAT_QTY,MAT_UNIT,BOM_SEQ_NO,CREATED_ID,CREATED_DATE,UPDATED_ID,UPDATED_DATE) 
values ('BG030-001','BG030','CAP-002',1,'EA',13,'2511793',to_date('25/12/02','RR/MM/DD'),null,null);
Insert into BOM_MST (BOM_ID,PRD_ID,MAT_ID,MAT_QTY,MAT_UNIT,BOM_SEQ_NO,CREATED_ID,CREATED_DATE,UPDATED_ID,UPDATED_DATE) 
values ('BG030-001','BG030','BOX-003',1,'EA',14,'2511793',to_date('25/12/02','RR/MM/DD'),null,null);
Insert into BOM_MST (BOM_ID,PRD_ID,MAT_ID,MAT_QTY,MAT_UNIT,BOM_SEQ_NO,CREATED_ID,CREATED_DATE,UPDATED_ID,UPDATED_DATE) 
values ('BG030-001','BG030','PKG-002',1,'EA',15,'2511793',to_date('25/12/02','RR/MM/DD'),null,null);
Insert into BOM_MST (BOM_ID,PRD_ID,MAT_ID,MAT_QTY,MAT_UNIT,BOM_SEQ_NO,CREATED_ID,CREATED_DATE,UPDATED_ID,UPDATED_DATE) 
values ('BG030-001','BG030','LBL-003',1,'EA',16,'2511793',to_date('25/12/02','RR/MM/DD'),null,null);
Insert into BOM_MST (BOM_ID,PRD_ID,MAT_ID,MAT_QTY,MAT_UNIT,BOM_SEQ_NO,CREATED_ID,CREATED_DATE,UPDATED_ID,UPDATED_DATE) 
values ('BG050-001','BG050','SO-ET',35,'ml',1,'2511793',to_date('25/12/02','RR/MM/DD'),null,null);
Insert into BOM_MST (BOM_ID,PRD_ID,MAT_ID,MAT_QTY,MAT_UNIT,BOM_SEQ_NO,CREATED_ID,CREATED_DATE,UPDATED_ID,UPDATED_DATE) 
values ('BG050-001','BG050','SO-WA',2.5,'ml',2,'2511793',to_date('25/12/02','RR/MM/DD'),null,null);
Insert into BOM_MST (BOM_ID,PRD_ID,MAT_ID,MAT_QTY,MAT_UNIT,BOM_SEQ_NO,CREATED_ID,CREATED_DATE,UPDATED_ID,UPDATED_DATE) 
values ('BG050-001','BG050','AD-GL',1,'ml',3,'2511793',to_date('25/12/02','RR/MM/DD'),null,null);
Insert into BOM_MST (BOM_ID,PRD_ID,MAT_ID,MAT_QTY,MAT_UNIT,BOM_SEQ_NO,CREATED_ID,CREATED_DATE,UPDATED_ID,UPDATED_DATE) 
values ('BG050-001','BG050','FR-LM',3.3,'ml',4,'2511793',to_date('25/12/02','RR/MM/DD'),null,null);
Insert into BOM_MST (BOM_ID,PRD_ID,MAT_ID,MAT_QTY,MAT_UNIT,BOM_SEQ_NO,CREATED_ID,CREATED_DATE,UPDATED_ID,UPDATED_DATE) 
values ('BG050-001','BG050','FR-LI',2.5,'ml',5,'2511793',to_date('25/12/02','RR/MM/DD'),null,null);
Insert into BOM_MST (BOM_ID,PRD_ID,MAT_ID,MAT_QTY,MAT_UNIT,BOM_SEQ_NO,CREATED_ID,CREATED_DATE,UPDATED_ID,UPDATED_DATE) 
values ('BG050-001','BG050','FR-GR',1.7,'ml',6,'2511793',to_date('25/12/02','RR/MM/DD'),null,null);
Insert into BOM_MST (BOM_ID,PRD_ID,MAT_ID,MAT_QTY,MAT_UNIT,BOM_SEQ_NO,CREATED_ID,CREATED_DATE,UPDATED_ID,UPDATED_DATE) 
values ('BG050-001','BG050','FR-LV',2.5,'ml',7,'2511793',to_date('25/12/02','RR/MM/DD'),null,null);
Insert into BOM_MST (BOM_ID,PRD_ID,MAT_ID,MAT_QTY,MAT_UNIT,BOM_SEQ_NO,CREATED_ID,CREATED_DATE,UPDATED_ID,UPDATED_DATE) 
values ('BG050-001','BG050','FR-GE',1.7,'ml',8,'2511793',to_date('25/12/02','RR/MM/DD'),null,null);
Insert into BOM_MST (BOM_ID,PRD_ID,MAT_ID,MAT_QTY,MAT_UNIT,BOM_SEQ_NO,CREATED_ID,CREATED_DATE,UPDATED_ID,UPDATED_DATE) 
values ('BG050-001','BG050','FR-JS',1.7,'ml',9,'2511793',to_date('25/12/02','RR/MM/DD'),null,null);
Insert into BOM_MST (BOM_ID,PRD_ID,MAT_ID,MAT_QTY,MAT_UNIT,BOM_SEQ_NO,CREATED_ID,CREATED_DATE,UPDATED_ID,UPDATED_DATE) 
values ('BG050-001','BG050','FR-MU',2.5,'ml',10,'2511793',to_date('25/12/02','RR/MM/DD'),null,null);
Insert into BOM_MST (BOM_ID,PRD_ID,MAT_ID,MAT_QTY,MAT_UNIT,BOM_SEQ_NO,CREATED_ID,CREATED_DATE,UPDATED_ID,UPDATED_DATE) 
values ('BG050-001','BG050','FR-AB',1.7,'ml',11,'2511793',to_date('25/12/02','RR/MM/DD'),null,null);
Insert into BOM_MST (BOM_ID,PRD_ID,MAT_ID,MAT_QTY,MAT_UNIT,BOM_SEQ_NO,CREATED_ID,CREATED_DATE,UPDATED_ID,UPDATED_DATE) 
values ('BG050-001','BG050','BTT-002',1,'EA',12,'2511793',to_date('25/12/02','RR/MM/DD'),null,null);
Insert into BOM_MST (BOM_ID,PRD_ID,MAT_ID,MAT_QTY,MAT_UNIT,BOM_SEQ_NO,CREATED_ID,CREATED_DATE,UPDATED_ID,UPDATED_DATE) 
values ('BG050-001','BG050','CAP-002',1,'EA',13,'2511793',to_date('25/12/02','RR/MM/DD'),null,null);
Insert into BOM_MST (BOM_ID,PRD_ID,MAT_ID,MAT_QTY,MAT_UNIT,BOM_SEQ_NO,CREATED_ID,CREATED_DATE,UPDATED_ID,UPDATED_DATE) 
values ('BG050-001','BG050','BOX-004',1,'EA',14,'2511793',to_date('25/12/02','RR/MM/DD'),null,null);
Insert into BOM_MST (BOM_ID,PRD_ID,MAT_ID,MAT_QTY,MAT_UNIT,BOM_SEQ_NO,CREATED_ID,CREATED_DATE,UPDATED_ID,UPDATED_DATE) 
values ('BG050-001','BG050','PKG-002',1,'EA',15,'2511793',to_date('25/12/02','RR/MM/DD'),null,null);
Insert into BOM_MST (BOM_ID,PRD_ID,MAT_ID,MAT_QTY,MAT_UNIT,BOM_SEQ_NO,CREATED_ID,CREATED_DATE,UPDATED_ID,UPDATED_DATE) 
values ('BG050-001','BG050','LBL-004',1,'EA',16,'2511793',to_date('25/12/02','RR/MM/DD'),null,null);
Insert into BOM_MST (BOM_ID,PRD_ID,MAT_ID,MAT_QTY,MAT_UNIT,BOM_SEQ_NO,CREATED_ID,CREATED_DATE,UPDATED_ID,UPDATED_DATE) 
values ('BG100-001','BG100','SO-ET',70,'ml',1,'2511793',to_date('25/12/02','RR/MM/DD'),null,null);
Insert into BOM_MST (BOM_ID,PRD_ID,MAT_ID,MAT_QTY,MAT_UNIT,BOM_SEQ_NO,CREATED_ID,CREATED_DATE,UPDATED_ID,UPDATED_DATE) 
values ('BG100-001','BG100','SO-WA',5,'ml',2,'2511793',to_date('25/12/02','RR/MM/DD'),null,null);
Insert into BOM_MST (BOM_ID,PRD_ID,MAT_ID,MAT_QTY,MAT_UNIT,BOM_SEQ_NO,CREATED_ID,CREATED_DATE,UPDATED_ID,UPDATED_DATE) 
values ('BG100-001','BG100','AD-GL',2,'ml',3,'2511793',to_date('25/12/02','RR/MM/DD'),null,null);
Insert into BOM_MST (BOM_ID,PRD_ID,MAT_ID,MAT_QTY,MAT_UNIT,BOM_SEQ_NO,CREATED_ID,CREATED_DATE,UPDATED_ID,UPDATED_DATE) 
values ('BG100-001','BG100','FR-LM',6.6,'ml',4,'2511793',to_date('25/12/02','RR/MM/DD'),null,null);
Insert into BOM_MST (BOM_ID,PRD_ID,MAT_ID,MAT_QTY,MAT_UNIT,BOM_SEQ_NO,CREATED_ID,CREATED_DATE,UPDATED_ID,UPDATED_DATE) 
values ('BG100-001','BG100','FR-LI',5,'ml',5,'2511793',to_date('25/12/02','RR/MM/DD'),null,null);
Insert into BOM_MST (BOM_ID,PRD_ID,MAT_ID,MAT_QTY,MAT_UNIT,BOM_SEQ_NO,CREATED_ID,CREATED_DATE,UPDATED_ID,UPDATED_DATE) 
values ('BG100-001','BG100','FR-GR',3.4,'ml',6,'2511793',to_date('25/12/02','RR/MM/DD'),null,null);
Insert into BOM_MST (BOM_ID,PRD_ID,MAT_ID,MAT_QTY,MAT_UNIT,BOM_SEQ_NO,CREATED_ID,CREATED_DATE,UPDATED_ID,UPDATED_DATE) 
values ('BG100-001','BG100','FR-LV',5,'ml',7,'2511793',to_date('25/12/02','RR/MM/DD'),null,null);
Insert into BOM_MST (BOM_ID,PRD_ID,MAT_ID,MAT_QTY,MAT_UNIT,BOM_SEQ_NO,CREATED_ID,CREATED_DATE,UPDATED_ID,UPDATED_DATE) 
values ('BG100-001','BG100','FR-GE',3.4,'ml',8,'2511793',to_date('25/12/02','RR/MM/DD'),null,null);
Insert into BOM_MST (BOM_ID,PRD_ID,MAT_ID,MAT_QTY,MAT_UNIT,BOM_SEQ_NO,CREATED_ID,CREATED_DATE,UPDATED_ID,UPDATED_DATE) 
values ('BG100-001','BG100','FR-JS',3.4,'ml',9,'2511793',to_date('25/12/02','RR/MM/DD'),null,null);
Insert into BOM_MST (BOM_ID,PRD_ID,MAT_ID,MAT_QTY,MAT_UNIT,BOM_SEQ_NO,CREATED_ID,CREATED_DATE,UPDATED_ID,UPDATED_DATE) 
values ('BG100-001','BG100','FR-MU',5,'ml',10,'2511793',to_date('25/12/02','RR/MM/DD'),null,null);
Insert into BOM_MST (BOM_ID,PRD_ID,MAT_ID,MAT_QTY,MAT_UNIT,BOM_SEQ_NO,CREATED_ID,CREATED_DATE,UPDATED_ID,UPDATED_DATE) 
values ('BG100-001','BG100','FR-AB',3.4,'ml',11,'2511793',to_date('25/12/02','RR/MM/DD'),null,null);
Insert into BOM_MST (BOM_ID,PRD_ID,MAT_ID,MAT_QTY,MAT_UNIT,BOM_SEQ_NO,CREATED_ID,CREATED_DATE,UPDATED_ID,UPDATED_DATE) 
values ('BG100-001','BG100','BTT-003',1,'EA',12,'2511793',to_date('25/12/02','RR/MM/DD'),null,null);
Insert into BOM_MST (BOM_ID,PRD_ID,MAT_ID,MAT_QTY,MAT_UNIT,BOM_SEQ_NO,CREATED_ID,CREATED_DATE,UPDATED_ID,UPDATED_DATE) 
values ('BG100-001','BG100','CAP-002',1,'EA',13,'2511793',to_date('25/12/02','RR/MM/DD'),null,null);
Insert into BOM_MST (BOM_ID,PRD_ID,MAT_ID,MAT_QTY,MAT_UNIT,BOM_SEQ_NO,CREATED_ID,CREATED_DATE,UPDATED_ID,UPDATED_DATE) 
values ('BG100-001','BG100','BOX-005',1,'EA',14,'2511793',to_date('25/12/02','RR/MM/DD'),null,null);
Insert into BOM_MST (BOM_ID,PRD_ID,MAT_ID,MAT_QTY,MAT_UNIT,BOM_SEQ_NO,CREATED_ID,CREATED_DATE,UPDATED_ID,UPDATED_DATE) 
values ('BG100-001','BG100','PKG-002',1,'EA',15,'2511793',to_date('25/12/02','RR/MM/DD'),null,null);
Insert into BOM_MST (BOM_ID,PRD_ID,MAT_ID,MAT_QTY,MAT_UNIT,BOM_SEQ_NO,CREATED_ID,CREATED_DATE,UPDATED_ID,UPDATED_DATE) 
values ('BG100-001','BG100','LBL-005',1,'EA',16,'2511793',to_date('25/12/02','RR/MM/DD'),null,null);
Insert into BOM_MST (BOM_ID,PRD_ID,MAT_ID,MAT_QTY,MAT_UNIT,BOM_SEQ_NO,CREATED_ID,CREATED_DATE,UPDATED_ID,UPDATED_DATE) 
values ('LG030-001','LG030','SO-ET',21,'ml',1,'2511793',to_date('25/12/02','RR/MM/DD'),null,null);
Insert into BOM_MST (BOM_ID,PRD_ID,MAT_ID,MAT_QTY,MAT_UNIT,BOM_SEQ_NO,CREATED_ID,CREATED_DATE,UPDATED_ID,UPDATED_DATE) 
values ('LG030-001','LG030','SO-WA',1.5,'ml',2,'2511793',to_date('25/12/02','RR/MM/DD'),null,null);
Insert into BOM_MST (BOM_ID,PRD_ID,MAT_ID,MAT_QTY,MAT_UNIT,BOM_SEQ_NO,CREATED_ID,CREATED_DATE,UPDATED_ID,UPDATED_DATE) 
values ('LG030-001','LG030','AD-GL',0.5,'ml',3,'2511793',to_date('25/12/02','RR/MM/DD'),null,null);
Insert into BOM_MST (BOM_ID,PRD_ID,MAT_ID,MAT_QTY,MAT_UNIT,BOM_SEQ_NO,CREATED_ID,CREATED_DATE,UPDATED_ID,UPDATED_DATE) 
values ('LG030-001','LG030','FR-BZ',1.5,'ml',4,'2511793',to_date('25/12/02','RR/MM/DD'),null,null);
Insert into BOM_MST (BOM_ID,PRD_ID,MAT_ID,MAT_QTY,MAT_UNIT,BOM_SEQ_NO,CREATED_ID,CREATED_DATE,UPDATED_ID,UPDATED_DATE) 
values ('LG030-001','LG030','FR-MT',1,'ml',5,'2511793',to_date('25/12/02','RR/MM/DD'),null,null);
Insert into BOM_MST (BOM_ID,PRD_ID,MAT_ID,MAT_QTY,MAT_UNIT,BOM_SEQ_NO,CREATED_ID,CREATED_DATE,UPDATED_ID,UPDATED_DATE) 
values ('LG030-001','LG030','FR-SG',1,'ml',6,'2511793',to_date('25/12/02','RR/MM/DD'),null,null);
Insert into BOM_MST (BOM_ID,PRD_ID,MAT_ID,MAT_QTY,MAT_UNIT,BOM_SEQ_NO,CREATED_ID,CREATED_DATE,UPDATED_ID,UPDATED_DATE) 
values ('LG030-001','LG030','FR-GB',1.5,'ml',7,'2511793',to_date('25/12/02','RR/MM/DD'),null,null);
Insert into BOM_MST (BOM_ID,PRD_ID,MAT_ID,MAT_QTY,MAT_UNIT,BOM_SEQ_NO,CREATED_ID,CREATED_DATE,UPDATED_ID,UPDATED_DATE) 
values ('LG030-001','LG030','FR-GT',1,'ml',8,'2511793',to_date('25/12/02','RR/MM/DD'),null,null);
Insert into BOM_MST (BOM_ID,PRD_ID,MAT_ID,MAT_QTY,MAT_UNIT,BOM_SEQ_NO,CREATED_ID,CREATED_DATE,UPDATED_ID,UPDATED_DATE) 
values ('LG030-001','LG030','FR-BV',2,'ml',9,'2511793',to_date('25/12/02','RR/MM/DD'),null,null);
Insert into BOM_MST (BOM_ID,PRD_ID,MAT_ID,MAT_QTY,MAT_UNIT,BOM_SEQ_NO,CREATED_ID,CREATED_DATE,UPDATED_ID,UPDATED_DATE) 
values ('LG030-001','LG030','FR-CD',0.5,'ml',10,'2511793',to_date('25/12/02','RR/MM/DD'),null,null);
Insert into BOM_MST (BOM_ID,PRD_ID,MAT_ID,MAT_QTY,MAT_UNIT,BOM_SEQ_NO,CREATED_ID,CREATED_DATE,UPDATED_ID,UPDATED_DATE) 
values ('LG030-001','LG030','BTT-001',1,'EA',11,'2511793',to_date('25/12/02','RR/MM/DD'),null,null);
Insert into BOM_MST (BOM_ID,PRD_ID,MAT_ID,MAT_QTY,MAT_UNIT,BOM_SEQ_NO,CREATED_ID,CREATED_DATE,UPDATED_ID,UPDATED_DATE) 
values ('LG030-001','LG030','CAP-002',1,'EA',12,'2511793',to_date('25/12/02','RR/MM/DD'),null,null);
Insert into BOM_MST (BOM_ID,PRD_ID,MAT_ID,MAT_QTY,MAT_UNIT,BOM_SEQ_NO,CREATED_ID,CREATED_DATE,UPDATED_ID,UPDATED_DATE) 
values ('LG030-001','LG030','BOX-003',1,'EA',13,'2511793',to_date('25/12/02','RR/MM/DD'),null,null);
Insert into BOM_MST (BOM_ID,PRD_ID,MAT_ID,MAT_QTY,MAT_UNIT,BOM_SEQ_NO,CREATED_ID,CREATED_DATE,UPDATED_ID,UPDATED_DATE) 
values ('LG030-001','LG030','PKG-003',1,'EA',14,'2511793',to_date('25/12/02','RR/MM/DD'),null,null);
Insert into BOM_MST (BOM_ID,PRD_ID,MAT_ID,MAT_QTY,MAT_UNIT,BOM_SEQ_NO,CREATED_ID,CREATED_DATE,UPDATED_ID,UPDATED_DATE) 
values ('LG030-001','LG030','LBL-006',1,'EA',15,'2511793',to_date('25/12/02','RR/MM/DD'),null,null);
Insert into BOM_MST (BOM_ID,PRD_ID,MAT_ID,MAT_QTY,MAT_UNIT,BOM_SEQ_NO,CREATED_ID,CREATED_DATE,UPDATED_ID,UPDATED_DATE) 
values ('LG050-001','LG050','SO-ET',35,'ml',1,'2511793',to_date('25/12/02','RR/MM/DD'),null,null);
Insert into BOM_MST (BOM_ID,PRD_ID,MAT_ID,MAT_QTY,MAT_UNIT,BOM_SEQ_NO,CREATED_ID,CREATED_DATE,UPDATED_ID,UPDATED_DATE) 
values ('LG050-001','LG050','SO-WA',2.5,'ml',2,'2511793',to_date('25/12/02','RR/MM/DD'),null,null);
Insert into BOM_MST (BOM_ID,PRD_ID,MAT_ID,MAT_QTY,MAT_UNIT,BOM_SEQ_NO,CREATED_ID,CREATED_DATE,UPDATED_ID,UPDATED_DATE) 
values ('LG050-001','LG050','AD-GL',1,'ml',3,'2511793',to_date('25/12/02','RR/MM/DD'),null,null);
Insert into BOM_MST (BOM_ID,PRD_ID,MAT_ID,MAT_QTY,MAT_UNIT,BOM_SEQ_NO,CREATED_ID,CREATED_DATE,UPDATED_ID,UPDATED_DATE) 
values ('LG050-001','LG050','FR-BZ',2.5,'ml',4,'2511793',to_date('25/12/02','RR/MM/DD'),null,null);
Insert into BOM_MST (BOM_ID,PRD_ID,MAT_ID,MAT_QTY,MAT_UNIT,BOM_SEQ_NO,CREATED_ID,CREATED_DATE,UPDATED_ID,UPDATED_DATE) 
values ('LG050-001','LG050','FR-MT',1.7,'ml',5,'2511793',to_date('25/12/02','RR/MM/DD'),null,null);
Insert into BOM_MST (BOM_ID,PRD_ID,MAT_ID,MAT_QTY,MAT_UNIT,BOM_SEQ_NO,CREATED_ID,CREATED_DATE,UPDATED_ID,UPDATED_DATE) 
values ('LG050-001','LG050','FR-SG',1.7,'ml',6,'2511793',to_date('25/12/02','RR/MM/DD'),null,null);
Insert into BOM_MST (BOM_ID,PRD_ID,MAT_ID,MAT_QTY,MAT_UNIT,BOM_SEQ_NO,CREATED_ID,CREATED_DATE,UPDATED_ID,UPDATED_DATE) 
values ('LG050-001','LG050','FR-GB',2.5,'ml',7,'2511793',to_date('25/12/02','RR/MM/DD'),null,null);
Insert into BOM_MST (BOM_ID,PRD_ID,MAT_ID,MAT_QTY,MAT_UNIT,BOM_SEQ_NO,CREATED_ID,CREATED_DATE,UPDATED_ID,UPDATED_DATE) 
values ('LG050-001','LG050','FR-GT',1.7,'ml',8,'2511793',to_date('25/12/02','RR/MM/DD'),null,null);
Insert into BOM_MST (BOM_ID,PRD_ID,MAT_ID,MAT_QTY,MAT_UNIT,BOM_SEQ_NO,CREATED_ID,CREATED_DATE,UPDATED_ID,UPDATED_DATE) 
values ('LG050-001','LG050','FR-BV',3.3,'ml',9,'2511793',to_date('25/12/02','RR/MM/DD'),null,null);
Insert into BOM_MST (BOM_ID,PRD_ID,MAT_ID,MAT_QTY,MAT_UNIT,BOM_SEQ_NO,CREATED_ID,CREATED_DATE,UPDATED_ID,UPDATED_DATE) 
values ('LG050-001','LG050','FR-CD',0.8,'ml',10,'2511793',to_date('25/12/02','RR/MM/DD'),null,null);
Insert into BOM_MST (BOM_ID,PRD_ID,MAT_ID,MAT_QTY,MAT_UNIT,BOM_SEQ_NO,CREATED_ID,CREATED_DATE,UPDATED_ID,UPDATED_DATE) 
values ('LG050-001','LG050','BTT-002',1,'EA',11,'2511793',to_date('25/12/02','RR/MM/DD'),null,null);
Insert into BOM_MST (BOM_ID,PRD_ID,MAT_ID,MAT_QTY,MAT_UNIT,BOM_SEQ_NO,CREATED_ID,CREATED_DATE,UPDATED_ID,UPDATED_DATE) 
values ('LG050-001','LG050','CAP-002',1,'EA',12,'2511793',to_date('25/12/02','RR/MM/DD'),null,null);
Insert into BOM_MST (BOM_ID,PRD_ID,MAT_ID,MAT_QTY,MAT_UNIT,BOM_SEQ_NO,CREATED_ID,CREATED_DATE,UPDATED_ID,UPDATED_DATE) 
values ('LG050-001','LG050','BOX-004',1,'EA',13,'2511793',to_date('25/12/02','RR/MM/DD'),null,null);
Insert into BOM_MST (BOM_ID,PRD_ID,MAT_ID,MAT_QTY,MAT_UNIT,BOM_SEQ_NO,CREATED_ID,CREATED_DATE,UPDATED_ID,UPDATED_DATE) 
values ('LG050-001','LG050','PKG-003',1,'EA',14,'2511793',to_date('25/12/02','RR/MM/DD'),null,null);
Insert into BOM_MST (BOM_ID,PRD_ID,MAT_ID,MAT_QTY,MAT_UNIT,BOM_SEQ_NO,CREATED_ID,CREATED_DATE,UPDATED_ID,UPDATED_DATE) 
values ('LG050-001','LG050','LBL-007',1,'EA',15,'2511793',to_date('25/12/02','RR/MM/DD'),null,null);
Insert into BOM_MST (BOM_ID,PRD_ID,MAT_ID,MAT_QTY,MAT_UNIT,BOM_SEQ_NO,CREATED_ID,CREATED_DATE,UPDATED_ID,UPDATED_DATE) 
values ('LG100-001','LG100','SO-ET',70,'ml',1,'2511793',to_date('25/12/02','RR/MM/DD'),null,null);
Insert into BOM_MST (BOM_ID,PRD_ID,MAT_ID,MAT_QTY,MAT_UNIT,BOM_SEQ_NO,CREATED_ID,CREATED_DATE,UPDATED_ID,UPDATED_DATE) 
values ('LG100-001','LG100','SO-WA',5,'ml',2,'2511793',to_date('25/12/02','RR/MM/DD'),null,null);
Insert into BOM_MST (BOM_ID,PRD_ID,MAT_ID,MAT_QTY,MAT_UNIT,BOM_SEQ_NO,CREATED_ID,CREATED_DATE,UPDATED_ID,UPDATED_DATE) 
values ('LG100-001','LG100','AD-GL',2,'ml',3,'2511793',to_date('25/12/02','RR/MM/DD'),null,null);
Insert into BOM_MST (BOM_ID,PRD_ID,MAT_ID,MAT_QTY,MAT_UNIT,BOM_SEQ_NO,CREATED_ID,CREATED_DATE,UPDATED_ID,UPDATED_DATE) 
values ('LG100-001','LG100','FR-BZ',5,'ml',4,'2511793',to_date('25/12/02','RR/MM/DD'),null,null);
Insert into BOM_MST (BOM_ID,PRD_ID,MAT_ID,MAT_QTY,MAT_UNIT,BOM_SEQ_NO,CREATED_ID,CREATED_DATE,UPDATED_ID,UPDATED_DATE) 
values ('LG100-001','LG100','FR-MT',3.4,'ml',5,'2511793',to_date('25/12/02','RR/MM/DD'),null,null);
Insert into BOM_MST (BOM_ID,PRD_ID,MAT_ID,MAT_QTY,MAT_UNIT,BOM_SEQ_NO,CREATED_ID,CREATED_DATE,UPDATED_ID,UPDATED_DATE) 
values ('LG100-001','LG100','FR-SG',3.4,'ml',6,'2511793',to_date('25/12/02','RR/MM/DD'),null,null);
Insert into BOM_MST (BOM_ID,PRD_ID,MAT_ID,MAT_QTY,MAT_UNIT,BOM_SEQ_NO,CREATED_ID,CREATED_DATE,UPDATED_ID,UPDATED_DATE) 
values ('LG100-001','LG100','FR-GB',5,'ml',7,'2511793',to_date('25/12/02','RR/MM/DD'),null,null);
Insert into BOM_MST (BOM_ID,PRD_ID,MAT_ID,MAT_QTY,MAT_UNIT,BOM_SEQ_NO,CREATED_ID,CREATED_DATE,UPDATED_ID,UPDATED_DATE) 
values ('LG100-001','LG100','FR-GT',3.4,'ml',8,'2511793',to_date('25/12/02','RR/MM/DD'),null,null);
Insert into BOM_MST (BOM_ID,PRD_ID,MAT_ID,MAT_QTY,MAT_UNIT,BOM_SEQ_NO,CREATED_ID,CREATED_DATE,UPDATED_ID,UPDATED_DATE) 
values ('LG100-001','LG100','FR-BV',6.6,'ml',9,'2511793',to_date('25/12/02','RR/MM/DD'),null,null);
Insert into BOM_MST (BOM_ID,PRD_ID,MAT_ID,MAT_QTY,MAT_UNIT,BOM_SEQ_NO,CREATED_ID,CREATED_DATE,UPDATED_ID,UPDATED_DATE) 
values ('LG100-001','LG100','FR-CD',1.6,'ml',10,'2511793',to_date('25/12/02','RR/MM/DD'),null,null);
Insert into BOM_MST (BOM_ID,PRD_ID,MAT_ID,MAT_QTY,MAT_UNIT,BOM_SEQ_NO,CREATED_ID,CREATED_DATE,UPDATED_ID,UPDATED_DATE) 
values ('LG100-001','LG100','BTT-003',1,'EA',11,'2511793',to_date('25/12/02','RR/MM/DD'),null,null);
Insert into BOM_MST (BOM_ID,PRD_ID,MAT_ID,MAT_QTY,MAT_UNIT,BOM_SEQ_NO,CREATED_ID,CREATED_DATE,UPDATED_ID,UPDATED_DATE) 
values ('LG100-001','LG100','CAP-002',1,'EA',12,'2511793',to_date('25/12/02','RR/MM/DD'),null,null);
Insert into BOM_MST (BOM_ID,PRD_ID,MAT_ID,MAT_QTY,MAT_UNIT,BOM_SEQ_NO,CREATED_ID,CREATED_DATE,UPDATED_ID,UPDATED_DATE) 
values ('LG100-001','LG100','BOX-005',1,'EA',13,'2511793',to_date('25/12/02','RR/MM/DD'),null,null);
Insert into BOM_MST (BOM_ID,PRD_ID,MAT_ID,MAT_QTY,MAT_UNIT,BOM_SEQ_NO,CREATED_ID,CREATED_DATE,UPDATED_ID,UPDATED_DATE) 
values ('LG100-001','LG100','PKG-003',1,'EA',14,'2511793',to_date('25/12/02','RR/MM/DD'),null,null);
Insert into BOM_MST (BOM_ID,PRD_ID,MAT_ID,MAT_QTY,MAT_UNIT,BOM_SEQ_NO,CREATED_ID,CREATED_DATE,UPDATED_ID,UPDATED_DATE) 
values ('LG100-001','LG100','LBL-008',1,'EA',15,'2511793',to_date('25/12/02','RR/MM/DD'),null,null);
Insert into BOM_MST (BOM_ID,PRD_ID,MAT_ID,MAT_QTY,MAT_UNIT,BOM_SEQ_NO,CREATED_ID,CREATED_DATE,UPDATED_ID,UPDATED_DATE) 
values ('HG005-001','HG005','PKG-004',1,'EA',20,'2511793',to_date('25/12/02','RR/MM/DD'),null,null);
Insert into BOM_MST (BOM_ID,PRD_ID,MAT_ID,MAT_QTY,MAT_UNIT,BOM_SEQ_NO,CREATED_ID,CREATED_DATE,UPDATED_ID,UPDATED_DATE) 
values ('HG010-001','HG010','PKG-004',1,'EA',20,'2511793',to_date('25/12/02','RR/MM/DD'),null,null);
Insert into BOM_MST (BOM_ID,PRD_ID,MAT_ID,MAT_QTY,MAT_UNIT,BOM_SEQ_NO,CREATED_ID,CREATED_DATE,UPDATED_ID,UPDATED_DATE) 
values ('BG030-001','BG030','PKG-004',1,'EA',17,'2511793',to_date('25/12/02','RR/MM/DD'),null,null);
Insert into BOM_MST (BOM_ID,PRD_ID,MAT_ID,MAT_QTY,MAT_UNIT,BOM_SEQ_NO,CREATED_ID,CREATED_DATE,UPDATED_ID,UPDATED_DATE) 
values ('BG050-001','BG050','PKG-004',1,'EA',17,'2511793',to_date('25/12/02','RR/MM/DD'),null,null);
Insert into BOM_MST (BOM_ID,PRD_ID,MAT_ID,MAT_QTY,MAT_UNIT,BOM_SEQ_NO,CREATED_ID,CREATED_DATE,UPDATED_ID,UPDATED_DATE) 
values ('BG100-001','BG100','PKG-004',1,'EA',17,'2511793',to_date('25/12/02','RR/MM/DD'),null,null);
Insert into BOM_MST (BOM_ID,PRD_ID,MAT_ID,MAT_QTY,MAT_UNIT,BOM_SEQ_NO,CREATED_ID,CREATED_DATE,UPDATED_ID,UPDATED_DATE) 
values ('LG030-001','LG030','PKG-004',1,'EA',16,'2511793',to_date('25/12/02','RR/MM/DD'),null,null);
Insert into BOM_MST (BOM_ID,PRD_ID,MAT_ID,MAT_QTY,MAT_UNIT,BOM_SEQ_NO,CREATED_ID,CREATED_DATE,UPDATED_ID,UPDATED_DATE) 
values ('LG050-001','LG050','PKG-004',1,'EA',16,'2511793',to_date('25/12/02','RR/MM/DD'),null,null);
Insert into BOM_MST (BOM_ID,PRD_ID,MAT_ID,MAT_QTY,MAT_UNIT,BOM_SEQ_NO,CREATED_ID,CREATED_DATE,UPDATED_ID,UPDATED_DATE) 
values ('LG100-001','LG100','PKG-004',1,'EA',16,'2511793',to_date('25/12/02','RR/MM/DD'),null,null);




